timestamp,temperature,humidity,soil_moisture,light_intensity,air_quality
2026-04-19 16:40:30.336454,26.399505612819027,50.36250661320885,47.24136407071981,191.1789616934256,45.738922018057096
2026-04-19 16:35:30.336462,28.730745664065534,66.50588005877852,69.32791848334209,631.5267280699128,56.424434992878254
2026-04-19 16:30:30.336464,22.540554821234444,47.40333120801779,59.94725592582881,947.3133991233318,40.77681691710109
2026-04-19 16:25:30.336465,31.002694874695905,50.80357918935293,74.01688147496728,201.14284962628506,37.88989157406087
2026-04-19 16:20:30.336466,33.263012569190124,77.12506671225337,60.25910082770309,780.1532564148084,50.59427357437339
2026-04-19 16:15:30.336468,30.32569678749852,64.52104853481285,41.615914984349715,678.1793077554889,38.13806993670753
2026-04-19 16:10:30.336469,28.780556959950978,48.614568884957166,50.7374698706499,360.2767407699148,63.653818696854756
2026-04-19 16:05:30.336470,32.235029350470285,78.76626747428836,54.73955610961658,139.69519889273514,60.84620153096819
2026-04-19 16:00:30.336470,31.795445488990353,68.31649974439225,77.53685868336979,349.59840817051895,46.863995459413196
2026-04-19 15:55:30.336471,32.90143144173863,66.45344474912896,54.73081576280842,461.7238215575579,37.14352559156867
2026-04-19 15:50:30.336472,22.570062003678878,56.68921183078833,68.06538552899772,568.3132788086291,54.51553571479293
2026-04-19 15:45:30.336473,30.827121727901787,54.57120339529062,74.12795783741883,297.67081221158924,68.90032196295483
2026-04-19 15:40:30.336474,28.357455217532607,65.91400938852932,40.32981653507867,847.519271140082,30.954823313935222
2026-04-19 15:35:30.336474,29.949920358589985,47.32810788236985,61.79597932471459,930.2132768371052,28.214517005273482
2026-04-19 15:30:30.336475,30.312279199101507,58.786468976553735,65.082757511415,955.2529186959767,43.8170787446585
2026-04-19 15:25:30.336479,31.539625159178996,66.79680029848957,43.750149515571685,951.809660301074,36.458934985393434
2026-04-19 15:20:30.336480,25.874498971099015,47.816139075041114,60.47670029892432,552.8115661153874,68.4065874968154
2026-04-19 15:15:30.336481,25.807725439371847,47.35465880744155,30.134108064757427,717.0889750633597,61.3311016264104
2026-04-19 15:10:30.336482,28.775027148836994,62.63644843262926,39.95414703958683,735.1627548336068,36.29340209006061
2026-04-19 15:05:30.336482,25.867971568852745,72.92738880819537,67.1501159463162,797.9990873257509,31.926167467908048
2026-04-19 15:00:30.336483,23.759312012002027,59.54181266404036,76.51806932537349,191.27605084060139,40.354864391650345
2026-04-19 14:55:30.336484,30.157428114957014,56.17098577652041,44.41513187747826,332.71080912406103,37.836642699726724
2026-04-19 14:50:30.336485,23.879828959235365,62.34542506166044,31.246198608178723,133.76307103400046,35.76640741424414
2026-04-19 14:45:30.336485,26.84050418706108,53.547403975003604,39.834422449325345,534.3996012295454,31.87791208153643
2026-04-19 14:40:30.336486,25.832346982499548,55.559463327085815,45.805037419719106,941.5971324704509,31.61055295254408
2026-04-19 14:35:30.336487,28.165269345809477,57.23276130438211,73.28382534105474,228.04201299592913,48.52274837554222
2026-04-19 14:30:30.336488,27.340872420292232,52.857927101003376,52.45681944643587,538.671970516178,46.30648161750371
2026-04-19 14:25:30.336488,31.983115734702576,66.23178885072004,77.81115469451136,621.4465447917144,39.95391511636052
2026-04-19 14:20:30.336489,28.115056759305386,68.15710567432728,48.35908825828061,856.2383440864174,65.96337399786687
2026-04-19 14:15:30.336490,26.569264813485514,60.43652824740751,40.58883911218473,837.7684614387407,59.759658012681996
2026-04-19 14:10:30.336491,30.18472017710009,83.82350996482565,43.61407913887385,951.5783952986765,69.14639027825638
2026-04-19 14:05:30.336491,30.235395955699673,66.2620594440852,46.84976209414788,150.21873357478017,33.17723749936221
2026-04-19 14:00:30.336492,26.32146719061902,56.53082293701428,47.53192759662546,269.38210270702405,29.39951882806826
2026-04-19 13:55:30.336493,26.9102881223255,65.49283757197175,35.89218776234908,482.4618682816261,40.07752372928358
2026-04-19 13:50:30.336494,30.384744131623485,69.46366948636023,71.31493992913651,839.1137940915983,43.21513337413436
2026-04-19 13:45:30.336495,28.80026785914135,64.37975574266015,24.58929697041295,500.12577099079533,43.482998815711134
2026-04-19 13:40:30.336495,29.797361000679448,48.303188231767066,62.103724704425616,297.46144728168986,48.97188755518777
2026-04-19 13:35:30.336496,27.624817199273238,62.11173188751327,26.343678537084585,184.9849932964657,45.14117614625715
2026-04-19 13:30:30.336497,35.10667177439261,77.04782353130534,45.06518869623477,303.6752743050092,48.35840851493653
2026-04-19 13:25:30.336497,27.433665151106194,56.2064311932389,23.152742118830794,513.8365660955224,53.87081723054629
2026-04-19 13:20:30.336498,24.482221682363168,30.928813740602056,66.85705067972032,514.8127149580409,57.35307765485784
2026-04-19 13:15:30.336499,30.52104782271993,64.77355608151268,26.296528168515955,872.472227382009,49.91508243228873
2026-04-19 13:10:30.336500,29.078757812255514,78.5590054860167,35.77661154568631,707.3966544925855,9.797781808872578
2026-04-19 13:05:30.336500,23.60858470981657,58.85330095031232,67.51617214618207,801.0158493088667,39.06514993489634
2026-04-19 13:00:30.336501,29.774546419252573,41.593255360384944,32.635237237171154,275.22133819895134,71.2593952995561
2026-04-19 12:55:30.336502,28.16222094660414,67.43345780824086,51.85507187196184,531.745187968098,59.23723275762266
2026-04-19 12:50:30.336502,25.86628956608404,62.62528146718556,66.1183647825697,980.5156357035593,43.021001888465314
2026-04-19 12:45:30.336503,30.389158983200318,51.517832501793684,30.522809330688332,643.6616317123527,39.22107451174282
2026-04-19 12:40:30.336504,28.523952348280098,34.59567286686637,62.268727194827896,958.2043943054679,34.39283193286078
2026-04-19 12:35:30.336505,32.3931806701998,62.031319192710995,41.36256447293909,397.43160301571356,30.9727910153373
2026-04-19 12:30:30.336505,26.624335271673612,49.36871939713362,23.213025424821694,352.60890477308635,60.645104160371204
2026-04-19 12:25:30.336506,29.28966349046623,65.15067853836857,67.2880520411772,909.9669280588404,42.73849507586629
2026-04-19 12:20:30.336507,27.66019509477734,55.881855301607544,27.91684030245759,373.6460689620786,68.51909735084364
2026-04-19 12:15:30.336508,26.869168679992846,48.36947023283618,22.91691163621834,657.8597236419494,50.9247212502538
2026-04-19 12:10:30.336509,31.910944266635497,69.22542224845708,45.92763016391247,275.6056057486053,47.458690943084335
2026-04-19 12:05:30.336509,31.1289792873895,50.42962756284336,51.9249889868983,245.15556330947328,19.289348829079593
2026-04-19 12:00:30.336510,31.41396510583262,57.36950606572498,79.26296386445625,476.44826543834756,65.90613385149473
2026-04-19 11:55:30.336511,23.87718643337209,58.145560794130226,40.18601418821976,655.7443483832678,69.91864396589148
2026-04-19 11:50:30.336512,31.11232129910232,50.34311685872008,31.763416516897095,632.9275134990738,51.639779431824614
2026-04-19 11:45:30.336512,24.175388067406203,66.10624330192508,22.08610451636644,450.6548631083277,74.80973804302039
2026-04-19 11:40:30.336513,25.457518856870728,73.66125103055649,57.930143476085014,799.3002603432266,62.439423493952944
2026-04-19 11:35:30.336514,31.878713592651565,38.99636998494525,62.83691101795172,290.5970859323704,53.20429898849744
2026-04-19 11:30:30.336515,28.073940074392386,79.67236450621276,51.58797422805387,826.3362828979837,52.520747150063755
2026-04-19 11:25:30.336515,27.437445921699073,47.00927044371863,65.95498712432735,458.87280855713755,26.188448107211443
2026-04-19 11:20:30.336516,31.73580098625736,58.20602584114767,54.013770573314936,214.78192806380645,50.233440795951985
2026-04-19 11:15:30.336517,26.10461773430705,51.11593895914853,51.252010273888686,831.8760425420605,65.92042500186037
2026-04-19 11:10:30.336518,28.512893018188727,74.36308052525713,63.29732975166185,598.7145457258703,60.56290238742
2026-04-19 11:05:30.336519,27.893375218563968,47.65364615384237,22.202203365218455,341.7847786837842,65.83038589530602
2026-04-19 11:00:30.336520,24.81845624375753,41.59756115219467,72.77552244156331,986.7251920090279,52.49087696305178
2026-04-19 10:55:30.336520,26.662522393567688,57.73866878317853,21.207651377998314,412.3374643968432,36.079089910933476
2026-04-19 10:50:30.336521,27.144288679385237,67.66455047767468,65.35211097158003,500.55533519878907,74.37087354910864
2026-04-19 10:45:30.336522,32.48743975197377,56.66123903767066,25.640262174784752,656.4840620175339,42.888637312108784
2026-04-19 10:40:30.336522,29.608300886250024,52.73280616808674,54.89823869268841,537.1528144610722,35.93076209217987
2026-04-19 10:35:30.336523,26.71618783490638,56.582079065944676,27.480389868879534,780.7981077142211,38.73030431668836
2026-04-19 10:30:30.336524,27.53203058298402,58.22292014540572,79.54785570132522,336.29254392142883,51.107958477316565
2026-04-19 10:25:30.336525,24.51523754366608,55.02214046991827,23.311169146363916,220.52620618129714,30.011700609291417
2026-04-19 10:20:30.336525,29.477475543403862,56.29368036808999,74.42032671842404,570.1078949898517,56.48163083988725
2026-04-19 10:15:30.336527,23.264504434538534,39.484736102100015,40.4372805434741,453.6554420573241,71.44242241368718
2026-04-19 10:10:30.336528,28.12756786492833,77.4509603673037,48.34202415186267,583.185642409718,58.8544672336411
2026-04-19 10:05:30.336529,34.07964437325958,57.007778404815575,71.62305470988113,205.59154840505778,43.89878790935791
2026-04-19 10:00:30.336530,29.502714002619612,52.47532993551007,55.06050428225165,547.587263732021,29.320153254638246
2026-04-19 09:55:30.336530,28.298715068640263,63.23098605740825,51.117397072105916,587.5793325119425,36.38310077718488
2026-04-19 09:50:30.336531,27.65596673244792,58.971618831045404,41.64655799683286,296.287218385909,60.99728212170904
2026-04-19 09:45:30.336532,29.943786268452936,65.89175589737232,52.66094474368169,785.5539841502095,40.251299332955654
2026-04-19 09:40:30.336532,31.656880030309043,39.73634125907284,30.631755515618323,380.257269727541,60.39135155541577
2026-04-19 09:35:30.336533,29.943850423579303,81.83470500782363,38.1181345832845,429.7691068315322,44.89839177550904
2026-04-19 09:30:30.336534,32.395185484520105,62.76928833279704,51.59464484824018,611.5071819825416,50.9610499631107
2026-04-19 09:25:30.336534,31.115260613779427,54.60414282037197,26.759817499879013,881.8969291969054,24.22948253744118
2026-04-19 09:20:30.336535,25.304334519718754,62.63273559586085,50.717366809334436,419.8604597554093,70.34066947188728
2026-04-19 09:15:30.336536,28.92836477341875,57.75585505377431,51.88885436805586,932.9379668827105,53.86163172125667
2026-04-19 09:10:30.336537,27.10414468396574,47.829732254545405,44.89357158732397,388.96920509081764,54.38880866825805
2026-04-19 09:05:30.336537,27.97970920988064,43.478641591061475,72.8977958697618,349.3354651044542,67.35346702433777
2026-04-19 09:00:30.336538,22.79197190594232,79.30836563753192,35.386538717674156,353.0887020972609,39.60476008151243
2026-04-19 08:55:30.336539,26.067458823453116,52.049116327791886,56.6062925425228,962.930086431246,58.85659849038167
2026-04-19 08:50:30.336540,28.861229275060683,55.3356648440206,72.36706179978762,705.2571677290881,36.48327532818845
2026-04-19 08:45:30.336540,29.625503459413416,61.23978572866457,53.03647249949661,674.5014621542967,30.209770976400662
2026-04-19 08:40:30.336541,23.939588386342933,65.54993465325202,30.736541135767652,999.5142225730631,46.656322731727876
2026-04-19 08:35:30.336542,22.33497187714092,49.97683777725652,56.994947072455616,826.8155632491378,68.54524551168582
2026-04-19 08:30:30.336543,26.778711071868493,63.274685905896504,41.86775721933397,207.89319281330842,77.67238734576168
2026-04-19 08:25:30.336543,25.097513786595606,62.45295829349295,29.383124205480186,597.9395681501826,27.479715214250504
2026-04-19 08:20:30.336544,26.497398674588396,56.18991888299151,72.87698267104147,230.7054309380637,68.48913213371827
2026-04-19 08:15:30.336547,38.59867208670353,68.58427553351632,31.13878720458166,782.1106145868107,65.29992587396778
2026-04-19 08:10:30.336548,26.391137436448748,62.83357922759228,33.53619364375771,956.5186309468102,41.98171993684899
2026-04-19 08:05:30.336549,25.844674880930306,69.50208077162104,62.32291065530832,475.1057594312372,51.26491750943229
2026-04-19 08:00:30.336549,35.24845436695687,41.40770647621086,64.17581499995367,303.5880759144276,59.94688610386909
2026-04-19 07:55:30.336550,28.029332121512986,52.96159272267144,22.371673696687502,305.1156998816317,66.98533479732252
2026-04-19 07:50:30.336551,32.491129858484015,63.189434764819396,29.683019598211168,118.49122450543797,36.88536909383028
2026-04-19 07:45:30.336552,27.01989420048419,71.30353167707358,45.31945841126316,156.85147257152246,49.07140860989294
2026-04-19 07:40:30.336552,30.271924300301897,75.72250289153192,69.32348321244488,460.6171961443048,58.075414422556086
2026-04-19 07:35:30.336553,29.593901341691094,75.24185059946547,49.77248921312139,819.8206260842534,57.10938809265199
2026-04-19 07:30:30.336554,27.669664064101042,50.936231193559166,76.68248671479722,663.6180640105179,33.417606957519475
2026-04-19 07:25:30.336555,27.697091047958786,64.14577603836462,21.49896859648679,430.1364815441208,47.786944053992904
2026-04-19 07:20:30.336555,30.967486696850685,54.7788681832744,45.83649351695969,928.8977567664607,10.20570949119216
2026-04-19 07:15:30.336556,26.30077950357859,58.00395610869644,45.63953773055212,672.1725097057558,48.912522840658085
2026-04-19 07:10:30.336557,28.64229721757901,61.258173251137066,30.350649741729647,825.3641156127435,67.15894790280078
2026-04-19 07:05:30.336558,30.60905080567709,54.09928957821894,63.451530868068964,838.9088313129972,39.848574958785335
2026-04-19 07:00:30.336558,31.57369244049819,65.89582731494794,49.203528144108255,182.35649174880484,88.73733976019757
2026-04-19 06:55:30.336559,29.118489055025762,61.43701175902459,73.17430301567808,521.6402265350407,41.45414009952891
2026-04-19 06:50:30.336560,30.907387511391054,46.481533609103884,57.65268778332246,519.3893857169107,50.262018287832554
2026-04-19 06:45:30.336560,24.6836723491099,55.852828331996704,52.8130160222879,493.4451080792781,39.96101596218111
2026-04-19 06:40:30.336561,31.410690027850265,61.06314469254034,60.86016970038057,775.72285336312,80.72862383100446
2026-04-19 06:35:30.336562,31.924307680220036,44.63369753781713,43.83925339255447,713.6960120407936,49.65143885390724
2026-04-19 06:30:30.336563,31.263471579260806,61.87845953142923,40.27985568788584,601.9051355754565,55.156694787024776
2026-04-19 06:25:30.336563,30.714860676207635,50.667956835741776,31.475777665274144,645.9576148174781,58.52373653965703
2026-04-19 06:20:30.336564,28.682110369865878,65.09935988361148,33.710312401191814,989.8360321205389,42.024772250249754
2026-04-19 06:15:30.336565,24.907308648236484,58.7336028063011,39.869273121185515,647.5494594516474,56.33137417122657
2026-04-19 06:10:30.336566,20.322174496742377,49.42059224345427,43.45734299565822,847.3858104483699,62.821630607059404
2026-04-19 06:05:30.336566,34.11510998677449,64.3083591226499,53.727547486260086,393.77290600958526,27.595379285670344
2026-04-19 06:00:30.336567,28.531779997406638,54.58743957452501,50.64483597016746,148.96987231110532,90.89214773718683
2026-04-19 05:55:30.336568,28.729864413510207,47.84593617117105,57.65299418196673,530.2262798287632,56.70859946012358
2026-04-19 05:50:30.336569,33.36899999115747,69.35563333803158,28.951235812646562,241.80150647390502,41.519527656564534
2026-04-19 05:45:30.336570,26.999629453751414,49.27911042884187,51.077596429342314,900.6312718107012,78.72438853872215
2026-04-19 05:40:30.336571,23.937690773571717,80.97918373592294,71.15010776577603,403.8420653459508,29.56910281104169
2026-04-19 05:35:30.336571,25.39710955980368,71.08838677051895,36.93289030147805,254.28418403778127,62.24498338612385
2026-04-19 05:30:30.336572,36.01533353311965,58.16432250472308,73.4377842254433,995.6557991074656,42.68797119555071
2026-04-19 05:25:30.336573,30.2020419271991,65.08685788382519,26.474054727144456,414.0229180661065,44.720944053548635
2026-04-19 05:20:30.336573,28.328896212753783,60.98379488453483,53.45370930483707,836.988614854062,69.59553693718695
2026-04-19 05:15:30.336574,27.444150020887804,45.92467271094799,51.80060334122207,879.980187417646,69.7852364501059
2026-04-19 05:10:30.336575,20.86142354725081,64.08354363186194,40.57403833415712,103.64425117231303,35.557441643263935
2026-04-19 05:05:30.336576,29.083835022369986,47.92206257041425,69.36479709514339,593.0054857882401,35.416704830952156
2026-04-19 05:00:30.336576,26.147494492618794,52.862043113474265,47.948926857389345,661.8210285703182,27.46031181668197
2026-04-19 04:55:30.336577,27.741394858032756,79.26086305870476,31.921224122939407,954.651912598203,50.23422817734846
2026-04-19 04:50:30.336578,28.97718890041146,56.505528711260624,57.419242897001475,280.04290476164044,46.53787240833579
2026-04-19 04:45:30.336578,26.292663449540388,47.12052513268466,56.9987978538679,679.5830785723613,59.37445346749975
2026-04-19 04:40:30.336579,25.585495422338905,52.6826599617577,58.28154187247375,178.75648104102876,60.98058173103046
2026-04-19 04:35:30.336580,27.3873303440826,62.16961861743317,34.567947724889414,337.5812305243767,42.295561587260586
2026-04-19 04:30:30.336580,28.39234813783138,56.53545771235002,54.969203689528655,347.92972412794677,52.76446133612888
2026-04-19 04:25:30.336581,23.90266891938495,39.558194810602615,68.51338994073114,589.8292683928819,40.804147864319305
2026-04-19 04:20:30.336582,28.518925026129597,64.99285323760841,72.73863282750634,146.84542032753,73.9523279018461
2026-04-19 04:15:30.336584,27.88858732555638,62.0284458748552,39.56538534023616,443.35166225077796,53.26949591421612
2026-04-19 04:10:30.336585,29.726641268603494,51.51427477745191,72.68064023299326,297.3043617543077,47.49592056963547
2026-04-19 04:05:30.336585,27.566255284700688,70.87668427022862,63.849601246593465,305.458327598252,34.52709823506773
2026-04-19 04:00:30.336586,25.136590755509317,63.84903314990902,32.630143916121575,904.5237543236134,43.625043007722525
2026-04-19 03:55:30.336587,27.595974818366816,62.81881942335856,28.46951343676411,646.2847724827329,46.979429162875746
2026-04-19 03:50:30.336587,31.90602193236356,55.159588344828975,44.061012322981284,385.9263693929123,16.574087209222192
2026-04-19 03:45:30.336588,30.307574428377144,53.88829224979859,27.71211948574179,933.2430111150643,72.68009303365675
2026-04-19 03:40:30.336589,26.061561680226653,59.90179425863146,46.31833019413991,543.5982353024295,40.247649394982034
2026-04-19 03:35:30.336590,26.088354710488133,69.3092640992408,45.226110057397676,928.3827883702363,69.3603609254464
2026-04-19 03:30:30.336590,25.30438400685607,66.03130051392617,76.81676321520109,488.0370212921175,48.56604959491818
2026-04-19 03:25:30.336591,29.029098368866034,59.88221820086806,77.42140753642491,739.8980169883228,53.091472579777886
2026-04-19 03:20:30.336592,29.529774377783546,52.77107293881306,32.94164850774837,266.1211680354839,61.95972248676534
2026-04-19 03:15:30.336592,31.530800378686365,62.419422883028425,22.14231533582782,354.8019642704054,33.63986094860951
2026-04-19 03:10:30.336593,29.712556917435343,60.862879548362145,31.734567764516783,129.68407331807023,48.77164925547967
2026-04-19 03:05:30.336594,26.551928731176407,57.15892953205781,69.77114868330838,121.24059360816048,42.48150068766264
2026-04-19 03:00:30.336594,31.80906229529988,53.10730383480805,34.324009176769046,598.0413623046561,62.504954380517646
2026-04-19 02:55:30.336595,32.98785368312607,38.74619895800372,29.88198004120264,851.9589389592892,55.99949774015644
2026-04-19 02:50:30.336596,29.760923189266748,59.09376050968665,76.05611426440561,365.72599554577096,63.59980917286846
2026-04-19 02:45:30.336597,26.9373009729801,62.90771376854264,52.92704147672021,248.39441269353588,43.40887485424851
2026-04-19 02:40:30.336597,31.52683919609134,52.37565061476773,23.61660255873651,937.0561259673465,52.85190529475778
2026-04-19 02:35:30.336598,32.99181053362995,54.703307926204985,33.98327186637046,883.8477171807018,68.75150401171058
2026-04-19 02:30:30.336599,27.964616370466864,48.80317036015028,67.47803275479865,905.3727925601577,62.531631435186675
2026-04-19 02:25:30.336599,30.89797381268161,65.37094449393624,63.557154271537634,505.30799469564204,52.05173052208885
2026-04-19 02:20:30.336600,25.000232853642384,53.686119736868555,65.51998155006152,390.82699070271764,63.85846208295412
2026-04-19 02:15:30.336601,28.746682514722753,43.6435651018013,63.38850985430586,204.45843060048725,36.577890511855486
2026-04-19 02:10:30.336602,30.00145860942915,59.824282199051204,39.171497770242695,633.2126425495967,17.798487909337013
2026-04-19 02:05:30.336603,28.31829265272818,57.379694351704956,76.98325296660502,482.04182566020916,35.46197749411328
2026-04-19 02:00:30.336603,29.953510629780702,70.60473182198801,22.817230082187614,658.5358849802176,49.58085306806437
2026-04-19 01:55:30.336604,19.5926160528116,55.678819802164746,43.301209172983064,798.3435350462262,42.811167927900954
2026-04-19 01:50:30.336605,28.298032265048054,59.781519879628725,79.71127644515389,777.4066844445717,54.0664112306452
2026-04-19 01:45:30.336605,30.770332663827418,66.30076308582669,20.4718182580995,925.3783614569368,62.17166372131452
2026-04-19 01:40:30.336606,27.268963524142418,56.73969964493128,75.79881654271459,343.00159229287397,48.2852584950846
2026-04-19 01:35:30.336607,23.438641894570967,63.89205245633915,47.646727528905494,231.96704516918592,51.27548501921186
2026-04-19 01:30:30.336608,29.013323945455042,65.17919069776325,28.394006155649137,175.44651068849714,47.19118931157483
2026-04-19 01:25:30.336608,28.3713534434597,59.6280728414784,21.553393320145414,112.92228028595557,78.78540200981435
2026-04-19 01:20:30.336609,27.583427775416236,65.25945267915762,63.38701342332183,205.9267586446273,44.029633485837806
2026-04-19 01:15:30.336610,21.339190778317974,63.54035339154404,79.39794612312242,653.2523145499805,31.462066121735614
2026-04-19 01:10:30.336611,25.787623373915423,49.38590065248176,25.076141173295454,898.4513520563846,67.4228481194816
2026-04-19 01:05:30.336612,31.062519639330436,63.04602422383902,63.49991342119369,565.3629384401964,15.531196673130687
2026-04-19 01:00:30.336613,27.672271635156893,42.77778480763982,65.73391675111489,599.6555175969702,73.95421141596135
2026-04-19 00:55:30.336613,26.481186075757254,72.8007056384358,49.15912301493406,418.5695373671232,65.72653803015301
2026-04-19 00:50:30.336614,28.410229643286506,74.15893839277467,77.79230014330285,268.873873666947,31.43994942746516
2026-04-19 00:45:30.336615,31.747390570650744,51.64683705175344,63.39909160037921,704.4395268846306,61.26643140451321
2026-04-19 00:40:30.336615,26.839474298506083,65.48450442481833,75.06667200906892,150.54768039546246,28.761738252586476
2026-04-19 00:35:30.336616,25.43041717361704,44.30978920148412,40.851016714360256,711.755078550526,55.15197230678813
2026-04-19 00:30:30.336617,24.55188286718215,81.11021253002151,59.7934379001825,176.06053653585283,27.377971441451063
2026-04-19 00:25:30.336618,28.62270075916072,51.09924052415826,68.84289792284798,645.6194419378121,19.823867017290993
2026-04-19 00:20:30.336618,25.423649604667055,70.27891252594618,79.87436435213075,537.5440043230747,39.56445743390456
2026-04-19 00:15:30.336619,30.739629600611313,53.83953782588016,73.52997844853704,593.7766054985373,41.0263789214015
2026-04-19 00:10:30.336620,26.967606104498206,64.98619945870098,23.805935886265686,377.7783904544762,64.68102508702938
2026-04-19 00:05:30.336620,26.74573609409451,66.46474226104405,36.60636025340386,269.28297773328916,35.20207117959856
2026-04-19 00:00:30.336621,26.621251074322835,69.40954707808942,40.35190462602968,335.03959849710566,40.01329000572231
2026-04-18 23:55:30.336622,33.57633540986891,61.62958015256471,40.90885230858302,311.91698136107743,60.239594451811925
2026-04-18 23:50:30.336623,26.22669142044869,50.50052991043579,59.91128118304416,617.4385324473457,35.896644367507506
2026-04-18 23:45:30.336624,29.90096328443054,70.87506482818847,31.352138784636644,993.8091347798119,41.71996442641634
2026-04-18 23:40:30.336624,30.44010258655017,61.443128627371294,64.5550856678849,461.55501731825876,44.32334061137234
2026-04-18 23:35:30.336625,32.34850438734124,55.21686471572072,74.5396018419729,419.2077698018687,52.93452025829092
2026-04-18 23:30:30.336626,26.347473356359387,59.079963881626135,66.32526249993974,536.5626094454927,52.84561056832296
2026-04-18 23:25:30.336627,25.716113298322163,50.06016201164364,62.65400937742216,155.41203495357803,48.16384939719103
2026-04-18 23:20:30.336627,29.13660658638466,77.79007170916667,39.58747300898007,150.57030544537795,71.36536398953439
2026-04-18 23:15:30.336628,30.14202172400356,48.760830634109446,75.8457946653655,575.5218254042915,21.73187396613355
2026-04-18 23:10:30.336629,28.451721886420078,65.98059165615962,51.37507695244385,749.2702984694071,45.217031758132634
2026-04-18 23:05:30.336630,26.338829601666134,59.60912082169894,34.43661346609723,178.1035084587026,42.45978406923436
2026-04-18 23:00:30.336630,24.749876143261965,69.7456972177579,40.0807262429153,106.12926770327194,43.45965655023039
2026-04-18 22:55:30.336631,34.12612148951011,66.22109512211212,25.928462578679216,902.1823548946222,38.1601178693287
2026-04-18 22:50:30.336632,30.68005689630694,72.53629424823211,25.807053501626836,479.35221956478654,24.56852080300945
2026-04-18 22:45:30.336632,24.643687478175014,57.574031205063235,58.19636309497307,307.6273490367658,58.82435939560841
2026-04-18 22:40:30.336633,42.31233151438906,66.44431792647066,20.652550126400953,856.8334553682772,28.47988141469901
2026-04-18 22:35:30.336634,31.360157723627875,54.1966981043812,72.28380961845986,629.1158718539883,55.417565493037486
2026-04-18 22:30:30.336635,45.62258417877642,68.93803575364069,61.54381288229158,313.0068118505726,7.0833208612244505
2026-04-18 22:25:30.336635,23.991726441132503,62.89910155659932,29.32340948436311,474.5948114994645,40.20426891963048
2026-04-18 22:20:30.336636,22.21018623757726,55.56347526120334,66.88745930868978,330.97878761384084,51.32144273064459
2026-04-18 22:15:30.336637,31.76123030509073,66.5102391733028,29.095592005906195,215.24536922520133,48.435765079804895
2026-04-18 22:10:30.336638,28.476535008664527,45.89480121467197,72.26093306605964,727.5080015903055,39.866637186827404
2026-04-18 22:05:30.336638,32.718806380073346,58.285832005872386,65.3216631645378,730.0024590328605,44.925578995036
2026-04-18 22:00:30.336639,27.60256609270021,37.206880708978275,37.56780932753567,543.5755923893508,57.224827996336636
2026-04-18 21:55:30.336640,25.719617540632395,61.608687422945295,69.87831964062914,594.935476181543,48.79692926264223
2026-04-18 21:50:30.336641,25.108070531337503,60.95478629095721,26.230324321242044,325.47767304840886,70.75249203013502
2026-04-18 21:45:30.336641,23.537402636382375,65.95032351839728,22.788063795875043,879.5212096094249,51.07463575836701
2026-04-18 21:40:30.336642,27.758360700930005,62.91270662634659,61.617452535754346,808.6263718908019,53.67702505522641
2026-04-18 21:35:30.336643,30.981149662431648,58.32435219329064,53.73482598317294,251.26358568908478,37.35039062313072
2026-04-18 21:30:30.336644,29.06351580509322,68.55343570210161,53.88596561298926,243.4273591700204,46.319442099890466
2026-04-18 21:25:30.336644,26.99944468730678,59.07999503798977,26.494869825022285,254.27409262826654,63.587463665893644
2026-04-18 21:20:30.336645,36.286206317522044,77.78391709673386,68.82218834573973,638.9294827625808,87.79063107274416
2026-04-18 21:15:30.336646,26.987534842172753,64.73388032232947,33.01965319545613,179.81284309920505,59.69062452731285
2026-04-18 21:10:30.336647,31.60087592677404,67.8596440704645,38.43124282742069,950.1999532115693,-1.0336932406710062
2026-04-18 21:05:30.336648,25.546758178267407,78.07543052280977,56.139999335027866,311.8904753900334,62.064098171087
2026-04-18 21:00:30.336648,36.04065810149192,61.60739850447661,78.59789351781863,796.3224550611332,44.398171858110544
2026-04-18 20:55:30.336649,27.317596549447828,36.92946952693635,36.14334212535165,280.055398385414,47.32809434625812
2026-04-18 20:50:30.336650,29.144327212740173,75.12921644296314,70.10548915031731,562.5829722699609,63.22524104692225
2026-04-18 20:45:30.336651,23.60972996817828,59.75164038029719,78.59523519452637,321.59623511188244,44.27066461614493
2026-04-18 20:40:30.336651,28.85074709037571,53.77971824480456,42.34995632669364,424.5267891358707,60.28705302833377
2026-04-18 20:35:30.336652,27.463556816623793,62.325006476851485,49.29468409081008,772.7376298022732,37.604798827455284
2026-04-18 20:30:30.336653,27.491500256060533,53.88261147510747,56.44671085259642,599.6351527846291,64.19072240123784
2026-04-18 20:25:30.336654,28.140323916143185,72.40656215622236,54.91757578814837,743.9823374863158,39.16870148998159
2026-04-18 20:20:30.336654,29.800427766928507,48.85158353531037,53.52176607561297,682.3305641112563,37.28383157945844
2026-04-18 20:15:30.336655,29.933229414328387,51.46455846515964,75.86563377380698,946.8500605213806,55.026614974882165
2026-04-18 20:10:30.336656,30.953277419535958,64.83999467648252,46.560287802643096,259.59956624663187,38.496100898916836
2026-04-18 20:05:30.336657,25.85246238198455,61.56772502470471,57.05835775377409,647.5817223636786,48.50917212402549
2026-04-18 20:00:30.336657,24.418497069264227,51.346719431964004,47.87825919421128,448.28268132859165,32.389970319431086
2026-04-18 19:55:30.336658,29.639882514714387,42.38904793062058,44.5807298146423,895.0155733481487,45.10073049476897
2026-04-18 19:50:30.336659,27.8819399412416,61.91472399779024,77.7612380696508,887.8642962099947,46.49160355181444
2026-04-18 19:45:30.336660,33.208001640661465,57.08287496773959,27.897862052004065,983.5995154608272,55.467556711963404
2026-04-18 19:40:30.336660,29.817143275066734,45.1618933296667,69.07831530625705,391.2471466499408,53.77166610780754
2026-04-18 19:35:30.336661,28.15610597325049,54.39036136327687,57.97905628340131,335.6209597728589,49.76322397687277
2026-04-18 19:30:30.336662,29.57470714056215,57.159797304768276,26.92834927435419,396.3458271460203,40.36344411043322
2026-04-18 19:25:30.336663,27.12738802501343,56.34125870997825,63.77303030941181,240.84898623807928,60.744906221414894
2026-04-18 19:20:30.336663,28.898099819132735,60.11352959777125,41.46704830774138,729.7773146142559,49.926237349018656
2026-04-18 19:15:30.336664,19.806367739133478,57.57294867559996,47.515199044728995,910.2848799019318,49.19908723748985
2026-04-18 19:10:30.336665,23.077784145249176,58.052710287916504,38.84821336058685,640.1892024609788,67.98715294369455
2026-04-18 19:05:30.336666,27.023310218052316,28.5503490059155,43.2863284752399,748.6177312985069,50.92561579216447
2026-04-18 19:00:30.336667,34.68356037206352,79.65733996485531,41.442154877233776,611.6278001888045,34.97676080094128
2026-04-18 18:55:30.336667,23.572393378802886,50.63207558446704,28.388266387764276,613.4844549994999,53.76656236603647
2026-04-18 18:50:30.336668,20.04432387799097,69.64031547827805,20.29516746820479,345.7791606749216,51.44658691584425
2026-04-18 18:45:30.336669,31.32316621698934,55.07888878126281,64.08108873961535,767.4408377262781,51.60932807602187
2026-04-18 18:40:30.336670,30.063924837313223,58.28912368784466,30.994513808697477,759.2940901126335,38.98148013936451
2026-04-18 18:35:30.336670,31.408174385422537,67.61700315550071,36.39207017474601,979.0824246682618,53.09995635406279
2026-04-18 18:30:30.336671,26.14661893792839,59.48915371317057,27.90498417483658,563.5707366819325,48.97290715098953
2026-04-18 18:25:30.336672,29.127598194562246,51.863901134437405,59.18830341521817,415.38423997228665,51.471961383768274
2026-04-18 18:20:30.336673,24.64866717294413,83.27811999056654,43.14349348984189,605.3420700322454,57.41726621904857
2026-04-18 18:15:30.336675,35.727707731571456,66.68432924983153,20.27257634373991,333.30502727576913,36.71841154463958
2026-04-18 18:10:30.336676,27.86722415726743,68.26069322811063,26.669168195639266,307.54209377690665,47.53592704290955
2026-04-18 18:05:30.336677,24.29295716228468,72.6439718772618,25.626367051851,555.735955381685,47.10979600774535
2026-04-18 18:00:30.336678,30.058502912378035,55.05441145976666,73.99554645894966,312.9348289664415,83.29532343720449
2026-04-18 17:55:30.336679,29.587585449279498,52.74613274374735,38.89063905840004,283.135497881534,52.97962804346147
2026-04-18 17:50:30.336679,31.640479711272356,66.89249724977172,74.41608346027266,699.1478228403832,68.61222849513973
2026-04-18 17:45:30.336680,30.184269835021198,47.43962533617564,64.02538735688304,996.7859191307854,60.01067598314008
2026-04-18 17:40:30.336681,29.92905616492662,49.44826629625054,76.19766798430922,358.63875049194013,31.419594785822945
2026-04-18 17:35:30.336682,28.44668302329624,53.01665869067804,70.21533867441346,746.7390327767868,48.78477123635444
2026-04-18 17:30:30.336682,28.94598730966713,49.208216235519394,22.428826670340626,494.2307294089463,47.363586939486325
2026-04-18 17:25:30.336683,29.30125885155472,63.56870391378632,67.53083892999486,401.5451484239396,60.34958283001165
2026-04-18 17:20:30.336684,28.39232093626058,48.31015222385203,56.38637594498316,794.6964257080465,59.492249326183796
2026-04-18 17:15:30.336686,27.449828196171342,52.315117365969414,60.069435175591835,308.1841020004554,25.762646727603073
2026-04-18 17:10:30.336686,29.254530907588247,55.540618668348266,65.53048502451244,711.7898985043325,53.66409926088489
2026-04-18 17:05:30.336687,25.35909622492897,71.1213459542338,70.02173219760397,150.49173917138603,27.61660044393344
2026-04-18 17:00:30.336688,29.576193179862784,47.587889144963654,38.002657072429656,154.96884661602618,25.24393146717077
2026-04-18 16:55:30.336689,26.35190694945599,60.50979364587387,67.36038657396489,201.328798076055,45.72551864479355
2026-04-18 16:50:30.336689,25.49298404080102,69.95386170930269,34.39595292349871,506.5708597654087,61.76850875645523
2026-04-18 16:45:30.336690,23.32113640035646,26.391957265493275,34.831557872702085,800.8745820767234,58.91670883436301
2026-04-18 16:40:30.336691,29.288479800784117,56.78629002145677,57.7097048647157,944.5247294092338,56.292584775133385
2026-04-18 16:35:30.336691,25.143711519146372,74.87925228418038,49.40085690697811,122.9341923996146,43.59885211073612
2026-04-18 16:30:30.336692,26.352892539751682,60.74574861541252,44.56937232716443,278.7253453389818,65.94005030354755
2026-04-18 16:25:30.336693,40.851867352253635,61.53099289989754,69.86380884754361,854.7440949081471,60.31053755555646
2026-04-18 16:20:30.336694,28.686461526105337,53.900390829929854,22.472851324913947,932.7655189239723,31.915282991074225
2026-04-18 16:15:30.336694,23.99871445790602,53.180011770745786,77.55163903645825,359.41072560854633,59.51969101602511
2026-04-18 16:10:30.336695,26.892402697716545,80.27382481435687,74.16609522692926,928.0460026563546,69.0421886291012
2026-04-18 16:05:30.336696,30.73758473211899,61.56006963885854,59.87163079291445,730.4766138742076,29.133024754176077
2026-04-18 16:00:30.336696,26.578163008933018,68.17479302963686,36.875221981013524,627.0702811877562,85.70756508782225
2026-04-18 15:55:30.336697,25.882351381860857,80.22856593155598,71.40195653524242,675.6219996303338,54.634287907684644
2026-04-18 15:50:30.336698,27.87922389664224,74.03478141392102,34.52476708912036,109.61001322758044,48.189894680573175
2026-04-18 15:45:30.336699,30.590418567320917,41.51665460093584,72.4320269964185,505.03154189386794,39.94641816816896
2026-04-18 15:40:30.336699,28.199887055644904,59.46366586587604,56.4519282112011,696.5915692395205,26.60199916067492
2026-04-18 15:35:30.336700,25.65182675868661,64.90628365472358,73.99435030100621,197.9343840094936,55.27950457883146
2026-04-18 15:30:30.336701,24.55214322102146,51.328058067008406,52.53732338760827,767.1003793028597,40.90981821606205
2026-04-18 15:25:30.336701,23.389978171310336,69.89726857818616,24.434347957422425,678.9028370415191,22.97767994543265
2026-04-18 15:20:30.336702,29.64742036437362,77.18930963257611,79.92210829258812,271.5760992726035,74.63209186772818
2026-04-18 15:15:30.336703,28.505356019374947,53.33803128842923,30.015769433166962,298.91956998570606,68.15671489811092
2026-04-18 15:10:30.336703,23.95539515636002,69.88211298652286,24.43085924832395,805.7583127990389,39.990179388200644
2026-04-18 15:05:30.336704,34.72219001672865,65.31206362026822,67.14593592761155,673.5000674791364,38.98951341029324
2026-04-18 15:00:30.336705,31.005445730644624,50.13560790262461,78.64704995654607,484.34343067588617,56.35968427071751
2026-04-18 14:55:30.336715,22.884771705174547,66.1608245200002,20.867127568617853,920.2129710433768,59.646612010288464
2026-04-18 14:50:30.336715,26.54577227578759,66.76148191483743,35.902672399894996,181.31789726699216,46.9249499032338
2026-04-18 14:45:30.336716,22.879457908939084,53.60634159609715,71.10087001773957,657.5989647016764,37.55475103782202
2026-04-18 14:40:30.336717,31.119058404096993,38.48283914159424,77.88965175086918,568.6985156064586,62.519099456950606
2026-04-18 14:35:30.336718,24.409280360021476,57.69623050071603,73.24853188086249,991.7139726811378,56.82071085589313
2026-04-18 14:30:30.336718,20.49721050664445,59.89432027796787,75.53210443684102,557.8477298408055,51.560054373877044
2026-04-18 14:25:30.336719,25.5854216382062,60.7283984055645,30.513079215476594,534.7754071430095,54.2041029736002
2026-04-18 14:20:30.336720,31.349073785605043,40.16970287417101,65.37730347229527,361.5104088490527,54.71953632060409
2026-04-18 14:15:30.336720,25.774095953720668,68.68425509490083,27.86188604070521,373.19882483030125,56.91197604724533
2026-04-18 14:10:30.336721,30.902062691127355,66.10670416211669,54.80072090125617,622.7079333877656,79.47298416411091
2026-04-18 14:05:30.336722,32.172460506533945,47.54118281831684,34.22680130609713,870.9028091493481,78.68245116809311
2026-04-18 14:00:30.336723,29.2150730998909,53.14365956201505,23.934219476130295,553.7013019038179,27.71669520102465
2026-04-18 13:55:30.336723,31.49925695532761,60.237699176031036,74.84611854894372,195.72069466145803,80.18630451822568
2026-04-18 13:50:30.336724,20.786727281999863,57.899303814342815,33.54841116037546,979.2289070916485,37.28951488713867
2026-04-18 13:45:30.336725,28.341833636361876,48.56523088170438,50.12781700814951,408.88100126963263,69.10958756314032
2026-04-18 13:40:30.336725,24.83467165904228,53.95406068324727,34.346260902730386,826.4973384130222,76.10255892024061
2026-04-18 13:35:30.336726,24.575161488063962,63.60354609774997,43.629316884906004,212.11129245302754,68.9817312128854
2026-04-18 13:30:30.336727,29.283382455751827,48.70157137089384,62.85617060794204,589.9507147612051,43.60104524501324
2026-04-18 13:25:30.336727,28.143319681368308,58.73951734978204,67.290419409268,230.9567718537843,35.927611375085874
2026-04-18 13:20:30.336728,29.343700257600055,50.60596835312455,20.46734133857076,572.921902335904,3.7240287604577915
2026-04-18 13:15:30.336729,26.361464876357793,53.4321667917528,68.43474005467942,252.65253709231237,47.635778724136756
2026-04-18 13:10:30.336730,31.9378131886725,53.46241442450248,63.74006892701182,683.7670154862844,58.61063939317028
2026-04-18 13:05:30.336730,24.738062339671657,65.29462087370999,56.2436404819325,963.4067242758103,34.8781784915005
2026-04-18 13:00:30.336731,27.86132192749144,65.23254856624833,39.52529640000445,189.58023736805615,55.361989910299414
2026-04-18 12:55:30.336732,26.48005077901317,87.54286724358627,75.08378736751419,441.9745523173471,64.23360291854563
2026-04-18 12:50:30.336732,27.650034791433203,66.50780645113079,43.02620068383094,214.33932942202102,66.98842655715524
2026-04-18 12:45:30.336733,33.48847008249781,60.670794113811716,56.93074553304215,457.9765461660153,80.9633730440444
2026-04-18 12:40:30.336734,29.30827167857363,54.88938167754626,54.09106005455311,286.80867725458427,70.20464435933606
2026-04-18 12:35:30.336734,27.823235518384482,71.29144845936358,43.42584778336265,159.10940274427497,14.417177893968919
2026-04-18 12:30:30.336735,29.522200292378056,66.61217459565617,22.745690717901986,432.4173867569823,63.278444377271505
2026-04-18 12:25:30.336736,24.78336012766209,55.69677123947214,57.29801144225421,501.987471749179,51.64520334810071
2026-04-18 12:20:30.336737,26.656391926137808,44.719088955578584,72.86537761165215,649.6897862096439,34.091234834873894
2026-04-18 12:15:30.336737,30.11109225921182,50.3903078255723,78.80994698555574,545.449646236978,47.16860762999595
2026-04-18 12:10:30.336738,30.756380013064593,57.48602453546187,20.124486384724595,712.3747712851736,35.47757986850804
2026-04-18 12:05:30.336739,24.160431364380486,39.13055864362114,57.46009242365234,933.7710805209713,29.996211363550056
2026-04-18 12:00:30.336739,29.891416180583843,61.977683930884396,22.851457536436165,533.3132121988656,79.69580378170122
2026-04-18 11:55:30.336740,24.950855921865664,50.10653480433524,26.15071953265201,232.38818343179665,67.85831627612116
2026-04-18 11:50:30.336741,26.33987967272035,59.21039374590703,33.163796195128484,844.9986159668846,62.33024496172818
2026-04-18 11:45:30.336741,28.393368718309603,59.94610464652161,21.573953797503485,156.69429353504628,20.597003134521263
2026-04-18 11:40:30.336742,33.553389884060906,71.79585975715018,58.462017760427656,382.2370525139336,56.309898140919124
2026-04-18 11:35:30.336743,24.897279523125132,41.74617564883666,70.72814671439173,710.6278419808915,37.68412616708231
2026-04-18 11:30:30.336744,26.276886834372128,62.229415476142506,29.110136954489946,697.366704041359,74.00041809516563
2026-04-18 11:25:30.336744,25.594102761996453,54.970389906676346,47.5351453281363,731.979006255914,50.75225491238906
2026-04-18 11:20:30.336745,32.45143407004388,65.40765796231432,20.085594515204416,845.9027131027605,40.110301620112544
2026-04-18 11:15:30.336746,32.89026014495364,57.811247559443274,63.81095051597338,688.0036698868056,27.092925199465896
2026-04-18 11:10:30.336747,28.337557657562172,77.69268794643644,43.769184315458276,735.1584535201658,50.53591210688908
2026-04-18 11:05:30.336749,31.363556381085125,66.66838218846159,74.06425332619858,710.0818533786384,88.00873381799386
2026-04-18 11:00:30.336750,29.44641351983319,62.58008857129406,25.1969640107836,320.1327447666903,47.98699343248857
2026-04-18 10:55:30.336751,25.876812359628687,76.06512441899602,73.25043034253704,667.3681288680127,47.17946909590701
2026-04-18 10:50:30.336751,29.826536432984938,55.92107386551085,36.11186240582741,608.2587046097678,29.65384232131931
2026-04-18 10:45:30.336752,29.554793844607488,49.769058220040634,59.341496179485254,706.2686006142304,27.110388011413622
2026-04-18 10:40:30.336753,25.644539338106128,44.31527834655446,46.34653665064533,231.67138493751716,50.48186865412148
2026-04-18 10:35:30.336754,26.460713875839,63.52785785565049,44.9431733954499,530.5938113802798,33.55142871422096
2026-04-18 10:30:30.336754,26.488120876079506,67.28524544238851,48.1796046894964,766.294594623015,60.62303182959916
2026-04-18 10:25:30.336755,26.86966623304784,76.65361010090133,38.356035368716846,832.6478238411398,49.08949421705423
2026-04-18 10:20:30.336756,27.650051949900853,70.6282642619852,31.920305537058166,127.79023297751078,31.076569753725625
2026-04-18 10:15:30.336756,29.829059470047422,62.28817208987182,68.5586464836122,464.6402614439789,59.91101287575391
2026-04-18 10:10:30.336757,26.59575426037901,73.62094592065299,45.99171609493344,158.35151183574746,37.854849073351446
2026-04-18 10:05:30.336758,28.741862130706647,63.84953595073346,24.31676128409567,563.6017835250236,38.80406998140154
2026-04-18 10:00:30.336759,26.913857943447876,58.48083338990697,28.506755394599786,691.9569671026534,35.00734947611842
2026-04-18 09:55:30.336759,33.61949324856644,57.116754940426496,55.80047199086633,926.1938965413182,44.69840859376353
2026-04-18 09:50:30.336760,33.664632256263346,56.375618580976685,51.68658710034083,806.6826927751092,65.8292164077771
2026-04-18 09:45:30.336761,29.17203571508496,68.60717581403861,53.692675206999795,337.5852128652787,19.79538123690562
2026-04-18 09:40:30.336761,27.00178207362519,36.48903238522446,39.38301382315909,339.7342617491821,49.75014583384677
2026-04-18 09:35:30.336762,32.36037776616043,77.29595353542483,43.83148245420849,401.3580182940563,35.296603373642164
2026-04-18 09:30:30.336763,27.68292027749556,56.358864565666124,47.74538011245994,361.22708327869844,39.04437799288374
2026-04-18 09:25:30.336764,35.292765649426244,63.299196613431455,32.51204361353381,556.3396464190616,46.16395626479182
2026-04-18 09:20:30.336764,24.60357880645327,58.95566957018381,37.9507429041671,914.8621099214921,59.71524395144885
2026-04-18 09:15:30.336765,23.304939518224824,93.2434131167912,45.870511609819964,858.1869875243113,33.12609128055695
2026-04-18 09:10:30.336766,34.66148293686713,58.53306195939298,30.60167177781546,846.1242035894228,48.41812314572037
2026-04-18 09:05:30.336766,26.30761878361794,54.64018444238252,29.993031797007923,272.74682700855533,51.59311432108044
2026-04-18 09:00:30.336767,25.62867803660128,71.96663752632486,78.72168989795641,521.6613946038234,37.83647990797561
2026-04-18 08:55:30.336768,26.474382380001646,45.30614100758857,66.59572743090774,954.0978854057054,52.57031813220985
2026-04-18 08:50:30.336768,22.416406556055374,77.01791470407962,40.437769656927784,430.61698661113707,57.80560259133924
2026-04-18 08:45:30.336769,27.830336549586892,73.64672103326146,48.02118832867228,470.51372353029404,68.06686912344182
2026-04-18 08:40:30.336770,29.593968874134365,72.3088206004028,29.63838272212519,903.1579332118824,34.97489652010371
2026-04-18 08:35:30.336771,29.097356389142302,70.03771469690331,66.50964044318016,274.37194297809236,34.88068967125204
2026-04-18 08:30:30.336771,29.10465401723179,64.64445619049711,52.252963402480596,545.0092919719871,62.23831560736039
2026-04-18 08:25:30.336772,29.09008209537748,71.16682903749728,27.39595044872004,187.13807459685592,54.412988499677425
2026-04-18 08:20:30.336773,32.01881606887918,52.129883354873606,49.063098106832236,361.2319725332178,23.322268540400078
2026-04-18 08:15:30.336773,31.120078194191223,70.34033747792516,46.943325566672044,601.2798381016171,49.4996315297365
2026-04-18 08:10:30.336774,29.831773555183187,41.52873015824025,79.52613591486204,205.79248294640368,33.09768912979571
2026-04-18 08:05:30.336775,24.535188958067113,42.67874718039181,45.45360779699155,739.3465313045257,45.5919893814305
2026-04-18 08:00:30.336775,23.977690508583976,55.38592292222492,65.94520875353783,580.9678069425129,50.05413527417554
2026-04-18 07:55:30.336776,27.986499723034306,89.46875580169872,60.32218058432877,686.053363464028,47.09756741132513
2026-04-18 07:50:30.336777,23.983791257808626,51.053825201583734,74.35205357090084,727.4673979832864,56.1848430701926
2026-04-18 07:45:30.336778,29.122617326960647,52.16448628902741,28.38999245294441,633.6706032223101,42.41654222087118
2026-04-18 07:40:30.336778,24.812795242571916,49.47469927358829,47.25803602468601,252.48171726451912,46.6666238311505
2026-04-18 07:35:30.336779,30.225912225902935,66.95500269673575,26.927834109913096,356.8427772812795,65.28844462052159
2026-04-18 07:30:30.336780,25.257844090695386,61.02748658233033,55.413722933975016,245.43127810410127,65.99542184269751
2026-04-18 07:25:30.336780,28.97989503902064,68.6806250111381,40.974892438049125,161.00016181414932,56.7571396238482
2026-04-18 07:20:30.336781,26.63489475011355,61.7960333059168,48.854302796615016,947.5196125069667,40.280064767282866
2026-04-18 07:15:30.336782,24.504843379602665,66.42899847499137,33.11960841633233,581.0380583457845,49.51223313774488
2026-04-18 07:10:30.336783,26.989451445937878,53.58064251373409,25.242935716117678,565.0866142540998,56.606658224877805
2026-04-18 07:05:30.336784,27.390474726583804,72.86412521445234,48.852064411429325,129.30655333241003,55.980776196685085
2026-04-18 07:00:30.336784,27.32265442788959,60.236451468673124,48.9310915629404,404.1692045390984,65.23028269568141
2026-04-18 06:55:30.336785,31.139379941121398,53.14721016544026,79.00226276142348,155.63452767940294,60.092819345118514
2026-04-18 06:50:30.336786,31.27619103720435,74.4267496372823,60.97771506735475,871.3814706803656,50.43297757619441
2026-04-18 06:45:30.336787,31.917930366273712,76.80338166355918,56.356351803506456,849.8372537595886,57.873485193876064
2026-04-18 06:40:30.336787,27.16103754420034,65.56590965884811,65.26249443372858,157.45741588089552,36.60127990038755
2026-04-18 06:35:30.336788,21.89298398139458,44.59782182671053,70.19055065592167,156.16262179109214,78.09721763598557
2026-04-18 06:30:30.336789,24.765105936746135,60.12044084331985,55.92940130146017,657.7514078029991,73.40617808676367
2026-04-18 06:25:30.336789,29.375437040024334,64.70719855158308,26.635107335972013,502.52443980948834,51.95092990294571
2026-04-18 06:20:30.336790,33.50191345596453,56.5223988059334,68.34635834420159,695.7642746660217,48.87098855615184
2026-04-18 06:15:30.336791,28.540387283789638,49.02023238180587,64.24925610087604,508.65938575819496,34.72240276139172
2026-04-18 06:10:30.336791,31.936121830525092,65.20217813262454,71.88685305353705,260.6408695737003,64.95433648493349
2026-04-18 06:05:30.336792,27.83073160337345,59.57570831403193,79.30250131821725,974.6236946352525,31.138709052083783
2026-04-18 06:00:30.336793,27.721790035095278,57.88757447249567,30.294067976921085,957.4757853568318,37.5816399868747
2026-04-18 05:55:30.336793,28.391479100348498,46.31709057571876,67.96161250324329,656.3693185839187,40.23366389868304
2026-04-18 05:50:30.336794,32.898711221934846,52.9288523677558,51.67186545452053,982.3871700555095,43.88877132588666
2026-04-18 05:45:30.336795,30.19195633017892,61.2797598468632,25.86661837112006,760.2423156632263,45.17464688681292
2026-04-18 05:40:30.336796,23.838468090716233,70.55042839585619,67.02508960199334,997.9647682794752,53.55916597760749
2026-04-18 05:35:30.336796,30.907421312542375,57.76806718409248,58.92128297479598,826.0842147855494,45.63942303204775
2026-04-18 05:30:30.336797,27.100792823469348,51.519409339508655,65.16026737536149,698.7994086677671,40.592636038259805
2026-04-18 05:25:30.336798,25.188409038230244,51.55179345966418,30.91360216744414,503.9765285467013,13.71557413715388
2026-04-18 05:20:30.336798,30.18310729905895,58.280706513416064,31.147904318773534,460.3300026964793,41.15229895364514
2026-04-18 05:15:30.336799,30.608821493145996,35.495743698409704,38.6448514319878,909.548559014975,54.253600134465586
2026-04-18 05:10:30.336800,23.267800359972064,62.9485024606427,53.78818781919311,134.41168145678742,49.39683507366189
2026-04-18 05:05:30.336800,32.5991175683121,47.02032275677748,47.44529248624475,683.3358359899794,25.650543684335744
2026-04-18 05:00:30.336801,28.493517516284008,66.27186258724875,79.27579185538261,754.673046438806,49.56859347506993
2026-04-18 04:55:30.336802,26.62706021610126,78.9639937532519,73.78907339780169,428.0773224484156,35.700830957364175
2026-04-18 04:50:30.336802,29.65275516249929,57.25929151543331,49.31132452079913,932.9080547817993,39.162549813210546
2026-04-18 04:45:30.336803,27.384585996482674,43.03959918918203,29.40721877041245,619.2796254499318,46.26943364165224
2026-04-18 04:40:30.336804,28.522051725516977,47.015744058037825,60.69933903521101,533.4565971093459,74.87171210065077
2026-04-18 04:35:30.336805,22.631663980904424,63.76277559573099,43.615179088872516,820.9015341048952,60.893051897924735
2026-04-18 04:30:30.336805,27.215646729267625,55.268159014041935,68.3504931828462,142.71834110809445,36.685043228576596
2026-04-18 04:25:30.336806,33.58117470288609,70.68905985662697,52.71939233487478,392.29597698484537,36.92622660259182
2026-04-18 04:20:30.336807,30.74945778855008,47.85379438299575,55.799098703891566,429.70069497903216,14.121201635734273
2026-04-18 04:15:30.336807,29.331894963594728,57.448783528458705,46.659862753229866,569.7925582833002,28.820122666796603
2026-04-18 04:10:30.336808,29.127935591205617,70.5086458992502,34.51225117570309,914.188124117408,67.87899574000059
2026-04-18 04:05:30.336809,25.724858952594627,58.13544523323442,32.47056009384061,920.3724125399281,36.01990137136355
2026-04-18 04:00:30.336810,30.00974043363921,61.48248753330407,76.61185787174267,590.2659286793051,62.76366507374047
2026-04-18 03:55:30.336811,26.448111435408162,52.996272835256896,24.292186555501527,134.39684110477344,35.86249388366622
2026-04-18 03:50:30.336813,25.06032849111556,72.27929443767232,70.4511989459086,230.1535291754395,53.86228738023932
2026-04-18 03:45:30.336813,29.887299835471595,55.076027339936,71.96223717841929,191.03819564830303,27.070634942347695
2026-04-18 03:40:30.336814,28.32994011000933,73.02949306304384,28.760619287181903,793.4816813468899,65.60454474528547
2026-04-18 03:35:30.336815,25.26288759521082,68.58066930309985,55.84497956731994,577.407597858248,57.382373655025
2026-04-18 03:30:30.336816,22.826105969543484,42.27817608384872,66.15630947328637,756.6126834979214,59.76656505744015
2026-04-18 03:25:30.336816,26.581325510873743,69.18789984623797,46.289647262939184,991.818895812024,61.55284944454258
2026-04-18 03:20:30.336817,26.53967526908364,74.52165006385572,61.59842923128521,239.94515687844898,36.19731923885563
2026-04-18 03:15:30.336818,24.961673501194795,63.675408526738295,47.98413428797489,923.4314429814501,50.3462296716802
2026-04-18 03:10:30.336818,24.968382614269352,51.2296972558493,64.07277493214173,228.25718872551593,78.12149280156937
2026-04-18 03:05:30.336819,26.326712887658374,59.11566121290935,36.526840422473626,584.6509559750612,46.14576467342488
2026-04-18 03:00:30.336820,27.419007521062227,83.40553037565836,29.87360334046885,706.315775412404,53.33986294121587
2026-04-18 02:55:30.336820,27.376048437701932,55.5813098095466,47.69996982836036,811.5198560514114,55.22860930583283
2026-04-18 02:50:30.336821,29.53656571541818,67.21369447603064,36.90170181161467,513.9838137977429,39.45558528930657
2026-04-18 02:45:30.336822,26.208626542741868,62.35750728281918,42.11959570606024,856.4365581177138,33.90775324856257
2026-04-18 02:40:30.336823,24.924959604574436,57.82992359710505,23.855717975637784,813.8232689429615,23.85608145463109
2026-04-18 02:35:30.336824,28.637347694103966,54.405003003914274,56.77298721214937,588.2587328599875,62.3158442677105
2026-04-18 02:30:30.336825,27.799737308674228,58.35861793832287,47.16274066615398,200.31377135576446,49.23379261088498
2026-04-18 02:25:30.336826,25.908137897394802,59.18753878274062,41.68033890919516,189.61044982166436,36.54550482280638
2026-04-18 02:20:30.336826,24.781174592608043,61.36935610350713,66.56106535114267,720.4211807335903,86.0249660917776
2026-04-18 02:15:30.336827,31.926118141429207,69.01976325788411,43.23833835589358,250.4960880943677,54.56297992806189
2026-04-18 02:10:30.336828,28.704194839125282,66.5486343775679,74.08456914248022,403.7327006184474,57.4005993948202
2026-04-18 02:05:30.336828,31.221601236499467,62.1236254236179,63.92604781079623,764.6805232310697,69.09854838409805
2026-04-18 02:00:30.336829,31.45463240466185,76.21071263491788,34.263431172954924,862.8123281525412,10.559870807342946
2026-04-18 01:55:30.336830,30.157634718966047,44.79792032253241,24.086937787274287,119.98059560114041,55.96786958524237
2026-04-18 01:50:30.336831,21.709730300092733,64.36773141583451,38.11493050523764,721.4011181206561,36.91073016651789
2026-04-18 01:45:30.336831,28.35075223185375,75.03294212280595,35.80341529002115,243.73808005927802,47.048968082494966
2026-04-18 01:40:30.336832,30.073060982277948,64.3154568040409,69.67576632396697,149.70530189699258,31.69719957420618
2026-04-18 01:35:30.336833,29.6170105359153,43.634184865542906,59.167734116493826,516.5915496872897,49.359330614038235
2026-04-18 01:30:30.336833,30.524498252929636,54.3936480838302,33.01270493177269,370.84349044704743,34.089370745756696
2026-04-18 01:25:30.336834,30.426507826726215,60.09664419284234,75.41747240173693,482.1437058410036,45.64168972377601
2026-04-18 01:20:30.336835,32.80612268453726,63.279828048738565,76.51445717120887,940.7749304429651,32.83472339078705
2026-04-18 01:15:30.336835,24.905189843812476,43.40408725468717,53.80313408593644,547.9487257593669,51.096945986226864
2026-04-18 01:10:30.336836,30.29148003510055,46.8834631709709,31.54069773572976,835.0149368638007,40.67590284682602
2026-04-18 01:05:30.336837,23.97322732523047,47.80904093208911,53.82624908359046,756.576061935255,29.690422244608435
2026-04-18 01:00:30.336838,29.40840882926018,48.901387240909415,43.475292950430855,517.0199453022414,33.48158600294356
2026-04-18 00:55:30.336838,28.40422954751503,62.003264823249104,24.90203490685761,540.0457989953139,33.390723887614115
2026-04-18 00:50:30.336839,23.566251806457284,48.16231371448496,75.15159661300069,231.89538355320516,26.181257387808785
2026-04-18 00:45:30.336840,28.810002158929475,59.430863146462485,75.66816953325248,108.98937654275521,36.2875489893817
2026-04-18 00:40:30.336840,30.16010323119671,70.43910446576332,28.91206147876251,185.79645403729467,53.74412114062173
2026-04-18 00:35:30.336841,26.134883693591156,62.04177421467733,61.9765628881903,305.7935158444724,34.06840362025786
2026-04-18 00:30:30.336842,33.063879139213384,51.50321140553338,35.190880882934,489.214952895441,41.806279065801085
2026-04-18 00:25:30.336842,31.75988550461098,63.081627447589604,44.011541657177425,455.5776970546879,55.36482110395221
2026-04-18 00:20:30.336843,24.731708912840784,58.31200391048653,21.632146611105817,875.8168655766602,44.139510431978636
2026-04-18 00:15:30.336844,26.79017585622926,56.37890314232794,36.93008538153596,497.3039012566544,59.398372070688254
2026-04-18 00:10:30.336845,30.392458558826597,56.85075376996916,39.82413044832917,109.60889412633117,59.06186808136948
2026-04-18 00:05:30.336845,30.02715380042752,76.03577729510978,71.99229931353693,813.9162815438581,66.66560706606802
2026-04-18 00:00:30.336846,28.4533023001174,73.61469840045254,51.850464065987,296.67531074388864,66.67184133660449
2026-04-17 23:55:30.336847,28.26264847723228,64.46482459396472,66.11220945731495,375.89806604631895,23.544458495967014
2026-04-17 23:50:30.336847,36.63744838556278,54.04050644520474,72.14902397893738,237.21790954016524,35.14192926189362
2026-04-17 23:45:30.336848,24.127207602213353,66.64972186304614,40.735779107967105,498.2452059684072,32.348940329739825
2026-04-17 23:40:30.336849,31.594808727913424,66.67394732907623,57.964800011383865,978.7252464881138,68.31348019916366
2026-04-17 23:35:30.336850,24.418274146113546,65.25830485579023,70.25988452268409,820.8232446428657,44.913847241241825
2026-04-17 23:30:30.336850,28.46944139795339,54.305264441409776,73.36758573848545,655.8583337160536,34.112050457163505
2026-04-17 23:25:30.336851,22.87863393159935,69.81837110943502,68.79245755899458,149.07463623554,44.69286901996953
2026-04-17 23:20:30.336852,27.33204229328444,41.55171047683464,66.74882192051194,545.4588023146897,53.01304786356948
2026-04-17 23:15:30.336852,26.915051233539067,59.56275122106626,28.63403782773677,476.3072051156659,60.32794260687998
2026-04-17 23:10:30.336853,24.535826433128545,69.93188793287447,61.48759076436646,516.5416752995864,41.553181366757556
2026-04-17 23:05:30.336854,29.64428293945634,63.199924258221124,42.41971133010611,406.5406002831519,4.267147100961935
2026-04-17 23:00:30.336854,22.061785809361695,57.650359796431786,47.640026468683075,679.7661803625749,77.33695806358699
2026-04-17 22:55:30.336855,27.425997192970545,57.21463773825326,57.99319273153731,520.3257698464915,33.474490714469695
2026-04-17 22:50:30.336856,33.189046478914186,49.57792893165191,46.27637584384304,962.1865363889771,25.84198914999855
2026-04-17 22:45:30.336857,24.025159324361724,52.49003164405662,29.914333966981058,169.35668851595386,62.40841561914807
2026-04-17 22:40:30.336857,28.272420937625693,57.60068575081336,31.7216835084905,658.2210783044867,57.55716527797214
2026-04-17 22:35:30.336858,25.637307131460794,58.972649351166304,24.822531546553595,315.3961037852255,34.938648532279444
2026-04-17 22:30:30.336859,26.234543300292522,51.7314264508038,42.517934244203346,497.67117932578014,35.0742992148151
2026-04-17 22:25:30.336860,24.771592220134032,62.21896071678607,54.08589577107724,629.7110093798284,42.88418184464801
2026-04-17 22:20:30.336860,29.16314925997838,52.08242085290204,35.46677144533189,130.8548283688671,41.60250431758166
2026-04-17 22:15:30.336861,30.206043390899858,65.4980418503143,66.23619611208755,858.3545547352142,56.33657651822369
2026-04-17 22:10:30.336862,27.399224589348922,56.966694463988055,21.93409555030779,234.49952756157236,42.757871738700665
2026-04-17 22:05:30.336862,33.300274230306755,41.3630478859176,26.889809726017152,664.9075759960505,27.788338296138136
2026-04-17 22:00:30.336863,27.044058183547907,63.78488177907352,50.718855975251984,119.02286870866632,50.601028818756966
2026-04-17 21:55:30.336864,25.469380569897083,75.64155908292146,53.04952204018602,440.9067588403376,50.140751047046535
2026-04-17 21:50:30.336865,25.344382920256358,66.75445798128247,57.267206382564964,145.37239037443277,52.831698046251056
2026-04-17 21:45:30.336865,24.135840266972064,42.070357936096364,37.19984966896149,937.0007365049473,54.12447036224076
2026-04-17 21:40:30.336866,26.13067579718217,47.884145020500085,41.38242181664976,693.9709190367442,62.25376266385202
2026-04-17 21:35:30.336867,28.623854638717262,61.761484548100015,69.07849190893486,959.5678092196099,56.50545261650984
2026-04-17 21:30:30.336867,26.052867791088772,66.87904469628613,37.26370416484695,255.49659253716334,38.98140910892873
2026-04-17 21:25:30.336868,30.263835042973888,56.7167615564617,32.803317133461405,461.6854216907325,77.4746660281319
2026-04-17 21:20:30.336869,26.551753696315387,64.41524142241032,29.9534756521045,398.59306474890997,50.47208162077269
2026-04-17 21:15:30.336870,27.679882768150314,59.792818370518475,74.31221496936838,990.4910079125037,65.38709263900708
2026-04-17 21:10:30.336871,29.861733117782173,71.78724451386117,22.514811405951086,458.08163591112657,6.345629510525299
2026-04-17 21:05:30.336872,29.69033711818364,65.10734537899376,58.54098704344277,798.1186435686088,56.79199915202703
2026-04-17 21:00:30.336872,32.83340195203432,52.91896102123816,74.4934178977366,289.3819958023238,51.26799932703609
2026-04-17 20:55:30.336874,31.634492844529905,50.62749036374473,62.199850892786955,980.2757182958879,43.57103768236037
2026-04-17 20:50:30.336875,27.2997892517537,54.03823234920092,78.8933632494446,245.25692786596832,44.010887749227756
2026-04-17 20:45:30.336876,29.282578830777688,48.015691040722466,35.50269299274615,561.1406840286963,43.54357666238487
2026-04-17 20:40:30.336877,29.38308861678851,77.77183468237624,42.02001292532133,709.4435266988878,25.660278902529356
2026-04-17 20:35:30.336877,33.31771041049172,62.86800252725649,53.64546983590162,775.5995113856525,71.91649583277515
2026-04-17 20:30:30.336878,24.091495311803953,55.660049471296844,49.542187366947275,917.6968195640889,53.45773590592498
2026-04-17 20:25:30.336879,31.84307535401381,50.15622646218712,52.089619598066484,364.60708205539197,48.82806414511793
2026-04-17 20:20:30.336879,26.226212205305796,70.02269615014627,52.05907273166132,728.9953692413949,34.196400065200834
2026-04-17 20:15:30.336880,21.6865576291615,81.89449241071644,43.99450745781823,453.9341559437858,75.99533957972265
2026-04-17 20:10:30.336881,23.950335805932944,61.89105015002091,41.85341464695138,836.7214631765589,42.39802758635485
2026-04-17 20:05:30.336882,21.047053325789612,55.715973188163886,42.03842642523665,787.4816236010107,42.67255315546113
2026-04-17 20:00:30.336882,24.736474668178133,36.60852429761095,20.141394770635507,754.4382211872653,30.634915806549447
2026-04-17 19:55:30.336883,28.27295411660276,58.76951207311447,41.068055271067024,381.79337446906294,62.95393300391122
2026-04-17 19:50:30.336884,22.024263844349157,68.55480118112169,43.72820264099132,751.1779641698025,60.96490037290965
2026-04-17 19:45:30.336884,27.367632293084043,82.91976015074775,29.467624277691943,240.7147521146895,56.294567474956935
2026-04-17 19:40:30.336885,30.724690484173205,53.59614027404483,22.063950187874834,523.8329634491045,44.275931123309086
2026-04-17 19:35:30.336886,23.797938249001604,74.01391546629475,56.95376609265539,710.2847085651237,56.65426286058531
2026-04-17 19:30:30.336887,27.831737915377637,61.82720575108118,44.59405504928989,148.29832605163904,69.02337420256923
2026-04-17 19:25:30.336887,32.75460283054597,51.07017987020843,44.08102282952534,163.57956391989214,63.56404853231752
2026-04-17 19:20:30.336888,27.87788423058218,37.99384227804947,69.32303441329235,881.703247697177,58.60718516437744
2026-04-17 19:15:30.336889,28.70488888136634,69.01780697167834,52.4286482587584,892.0699670955489,40.24724733651933
2026-04-17 19:10:30.336889,30.556763564620802,73.56752037816153,69.71584313292138,179.55600973954836,71.92356184393556
2026-04-17 19:05:30.336890,34.011189373634295,51.05995684770445,42.4795330753639,627.1428656463953,52.660770309840295
2026-04-17 19:00:30.336891,25.93374874152065,58.42812984784093,78.72802496901065,420.3557316643918,29.52254716378542
2026-04-17 18:55:30.336891,22.554279414809066,60.128784554779955,69.83778595697095,241.57794073423594,34.19677240236827
2026-04-17 18:50:30.336892,33.77775535212473,83.39671181218075,72.97352713027632,648.3795422255438,30.075844226173196
2026-04-17 18:45:30.336893,31.513520659283643,59.805659171589994,77.46126688601896,110.91750314118939,25.953909632567054
2026-04-17 18:40:30.336894,30.84788772578085,45.91895579965151,54.879456236730476,143.8261751026777,37.233274556520236
2026-04-17 18:35:30.336894,26.497482475876136,52.67643969767265,22.22944253594513,881.7688262900033,71.96307936747243
2026-04-17 18:30:30.336895,31.096189049880902,75.66444762467232,72.31821650815891,755.1514560928977,66.29852701145086
2026-04-17 18:25:30.336896,28.038335244155395,76.96696776249493,78.95978165870369,564.4689553701588,44.02265003532183
2026-04-17 18:20:30.336896,25.206611526887166,59.98236028587249,28.027785581729123,118.32290999194032,42.00598676302647
2026-04-17 18:15:30.336897,26.30846609376738,58.91829337605884,65.62523745745645,342.3459249846426,49.99494113877603
2026-04-17 18:10:30.336898,28.14953181718153,55.59907229646602,66.54074978364159,799.1983707262509,47.290360766965605
2026-04-17 18:05:30.336898,30.32806623332225,66.05147071354538,35.981506538791734,733.9738926020472,51.03008260957859
2026-04-17 18:00:30.336899,30.8855854457563,63.25769793569743,50.87760419375678,508.5158301994075,49.149344105534446
2026-04-17 17:55:30.336900,28.808572114611632,46.296523267122126,70.53907891487555,760.8192362071734,48.11905212980825
2026-04-17 17:50:30.336901,23.442867246858793,49.6785525066806,76.48554025184842,679.4128020552826,30.118697019177965
2026-04-17 17:45:30.336901,27.186811668338358,60.18496250590232,51.3358804845341,391.07551252062933,61.02655705535649
2026-04-17 17:40:30.336903,24.019798202837304,66.7052028501767,57.277132627089586,364.7966563686265,32.12841040383861
2026-04-17 17:35:30.336903,28.62448480572157,44.55214872921772,76.85434266761312,889.9456637571348,63.71778662287897
2026-04-17 17:30:30.336904,24.55678080786768,66.35342948802966,69.27057956649351,968.9384783448932,48.347853945296535
2026-04-17 17:25:30.336905,25.372134981015943,68.33993907538009,52.261817593930026,568.0076967984062,62.591411237378736
2026-04-17 17:20:30.336906,25.157241394880735,60.437837137710176,72.30507366018227,513.2498597831675,35.64807746387305
2026-04-17 17:15:30.336906,28.518800307735923,62.89327963604569,58.60933283096688,759.3256755108357,65.0303497795641
2026-04-17 17:10:30.336907,28.56860691911057,64.34148079988421,45.63358496992936,759.8330146163381,49.58216814904837
2026-04-17 17:05:30.336908,21.064706899786074,48.18563301123766,78.93754249427423,321.3675566048738,84.30051605233561
2026-04-17 17:00:30.336909,30.15398405183042,62.790074284051045,37.028584343537645,209.1432077678781,56.39961431467186
2026-04-17 16:55:30.336909,25.332634868677612,79.36577191015559,56.28696231719156,252.2088113076555,68.95158016709075
2026-04-17 16:50:30.336910,25.504592439255767,66.26089125436977,22.12732736872266,112.54966784217514,74.67333652218844
2026-04-17 16:45:30.336911,24.783782663913698,62.42388049002945,21.214937716015744,846.6706020288149,20.190992056876105
2026-04-17 16:40:30.336912,29.62857805508609,58.96974843573626,66.17584456270346,971.8627173773305,54.38679819725234
2026-04-17 16:35:30.336912,29.417599472024808,49.80293452178214,76.928933130881,232.4129692071407,41.657565517967946
2026-04-17 16:30:30.336913,27.0764753429443,55.33248685776094,65.97086777415713,884.069202586686,28.506393607806356
2026-04-17 16:25:30.336914,34.00247398389965,64.57164078046944,59.73298818732806,159.4366804491675,46.76330599030623
2026-04-17 16:20:30.336915,28.947351256364648,46.65745244811655,35.85307614260617,762.9889961018526,44.328118993444996
2026-04-17 16:15:30.336915,25.61994479807038,50.80211162092536,40.75818552442816,948.0944425131519,54.11591253575108
2026-04-17 16:10:30.336916,24.52737800763088,70.2611834583425,51.11933489027698,857.0043447532545,75.04712172238375
2026-04-17 16:05:30.336917,25.29982694956855,55.76915166012396,36.44915440739312,231.75412808654042,37.57022666022125
2026-04-17 16:00:30.336918,31.997540681530296,55.73826332251231,47.868025473654285,833.406946582449,49.29762838179968
2026-04-17 15:55:30.336918,24.64444434856324,72.17404061200658,64.56771703856383,856.150716056291,39.45423297897656
2026-04-17 15:50:30.336919,29.235022004823602,61.2584987003196,77.57746760374866,565.0567860911292,55.04327235585113
2026-04-17 15:45:30.336920,27.47929572371797,51.2062260451253,43.460308693722965,972.6187353757473,46.63204270618513
2026-04-17 15:40:30.336921,29.41467427750765,53.956852334337384,51.75751684141664,490.5428352589107,62.4728230165148
2026-04-17 15:35:30.336921,25.47181742859776,50.062631830921475,69.16796297533529,653.0817154107898,48.44618362775375
2026-04-17 15:30:30.336922,25.229255386275955,61.55075199219431,35.153572529840964,821.1060119698219,70.81314263402294
2026-04-17 15:25:30.336923,27.194917418737695,55.40968836106739,75.71829843272022,311.8013528949573,75.66599300625892
2026-04-17 15:20:30.336924,22.936165187581775,81.58213541098448,73.98365037714868,795.2150473952971,74.33143319276755
2026-04-17 15:15:30.336925,28.119714543081198,46.094507428247674,37.64867811470512,799.947295002145,40.1772412177574
2026-04-17 15:10:30.336926,29.58443150150767,72.65806484050015,47.790734982504034,626.0737201606236,44.585924199643294
2026-04-17 15:05:30.336927,25.337174799848682,71.24734333923104,63.49609931169955,429.5986795275703,23.351251642483618
2026-04-17 15:00:30.336928,26.704660954355987,68.05280435137111,38.99099276039074,275.0452814661034,40.3123711005035
2026-04-17 14:55:30.336929,27.679117749789324,49.762860335920585,36.99297390817603,558.1895570104111,26.35637973249699
2026-04-17 14:50:30.336929,24.73066520084111,51.12772132397153,62.35866863052905,731.3483567270852,30.418300821780495
2026-04-17 14:45:30.336930,26.900343589233387,69.10060534682933,37.862811461089564,553.492903865794,48.549639814568984
2026-04-17 14:40:30.336932,30.050000062994684,69.26977033082372,25.60706599051695,995.5729539188596,67.20573129061324
2026-04-17 14:35:30.336933,26.246654658628938,67.65765817095783,31.46498810722214,549.0217645175264,37.511379438135506
2026-04-17 14:30:30.336933,30.51458261642822,66.53638729730909,32.525544681338324,912.6574508718159,64.01736468480868
2026-04-17 14:25:30.336934,28.81924865676385,47.26121771495657,30.132377096484515,923.4157465760526,55.15455834902677
2026-04-17 14:20:30.336935,29.388433886736134,66.64876020993921,77.3010404112481,122.47846029310051,40.669851708981675
2026-04-17 14:15:30.336935,34.32767059371088,56.33462349008982,29.011137131450194,839.7766768049007,48.592369804712874
2026-04-17 14:10:30.336936,32.59691721746481,59.58314037538264,41.04354038507,579.1613640553237,31.059589867483552
2026-04-17 14:05:30.336937,23.52051885695634,76.26722665826011,59.65849651338234,487.8906633292368,65.5904680446397
2026-04-17 14:00:30.336937,27.49592806641297,66.494731480376,23.373187370730832,446.9150333848707,58.01222306273404
2026-04-17 13:55:30.336938,29.94792405139494,51.986714670073326,68.23296369405152,390.6127968528287,51.681404069245346
2026-04-17 13:50:30.336940,25.881832773378754,50.83532429680972,53.32196714922844,771.1888806857495,38.954850228249526
2026-04-17 13:45:30.336940,28.39994358219406,61.51445586219812,71.707571587087,454.365209601803,40.85440595625515
2026-04-17 13:40:30.336944,30.696456372423725,56.73682962305369,47.35550860651752,114.8698523762113,35.98659148118939
2026-04-17 13:35:30.336946,26.417741063866856,74.83115442247723,33.721325917274626,466.13637435227713,28.926968280615856
2026-04-17 13:30:30.336947,21.522568316054002,58.4145561273636,32.47191740747185,597.5333892435511,45.607370794452265
2026-04-17 13:25:30.336948,32.1961113557889,51.647940216981205,54.78993083286323,444.09914344816104,47.433793486952744
2026-04-17 13:20:30.336949,34.92439374642724,67.82676871579594,64.26507761269804,658.4786184336497,77.0385837606558
2026-04-17 13:15:30.336950,32.75661882890112,72.49321403197789,54.815424732322406,735.3985213861139,37.3861768237355
2026-04-17 13:10:30.336951,32.715001476727636,57.235723455121615,42.092159141393566,295.3849459138113,41.191578609724665
2026-04-17 13:05:30.336952,28.694685064412134,44.84181208998731,79.07915350943321,563.6828945032119,76.97018685414358
2026-04-17 13:00:30.336954,22.963959517871643,61.00548118768928,44.740879670018494,950.2581224279654,61.86868104588903
2026-04-17 12:55:30.336955,22.82077121099275,65.76124636525307,56.28245630073528,540.5878875389848,41.29634122966817
2026-04-17 12:50:30.336956,31.656529520972644,41.70848475173682,66.22335887215212,558.426748698301,33.61533100440626
2026-04-17 12:45:30.336957,27.204213601145636,59.19013990702111,57.10289715816696,647.4970714447057,48.75412516534471
2026-04-17 12:40:30.336958,30.35612290254724,67.44283041188757,68.19948214670367,299.2318697329614,53.08341652481579
2026-04-17 12:35:30.336959,27.614129559763374,86.77227186145377,42.05881267256864,540.4577098667919,56.76832043619166
2026-04-17 12:30:30.336961,25.67580555423874,58.83658046873275,76.50307002553033,760.2600311308588,46.180354206601876
2026-04-17 12:25:30.336962,29.48535859443909,70.317621747807,20.8696573061416,741.4706405536522,49.8717824570175
2026-04-17 12:20:30.336963,26.911117640622578,61.61084285174126,61.17369827556977,547.423296010402,57.3995358382029
2026-04-17 12:15:30.336964,26.976763919619344,46.42420466963382,29.38631925345747,272.9215872919439,57.07915348223932
2026-04-17 12:10:30.336965,31.119000951930808,55.33502162280348,43.77054484210026,328.19246391904085,71.94086478836257
2026-04-17 12:05:30.336965,30.51696376505176,48.9569452173742,68.80692733225169,522.2551178376362,62.2645078774619
2026-04-17 12:00:30.336966,31.116732579206065,59.44465400641977,39.22174583407407,398.34113887638495,64.63929705743003
2026-04-17 11:55:30.336967,26.88409241236542,56.4870351090733,70.47857364151483,976.4438718681856,47.32197761725666
2026-04-17 11:50:30.336967,29.11200781892133,65.84104471087537,35.42859762842798,910.3039069956859,39.87677881535766
2026-04-17 11:45:30.336968,30.14991343161446,59.92598214977666,51.74500967033612,642.0103951111978,33.94817076841163
2026-04-17 11:40:30.336968,31.066039505491876,68.90383094065571,29.99275907160923,288.9435581513752,52.16412924181841
2026-04-17 11:35:30.336969,26.265044347468155,42.51840068681362,24.977061994223387,285.5999397713575,51.34303354615192
2026-04-17 11:30:30.336970,27.279335396580702,58.74561490736672,38.65213836586326,181.05653932728626,114.5212873769195
2026-04-17 11:25:30.336970,32.436750166159875,61.16979948687443,34.985486339037735,848.5707220351748,65.8727720314065
2026-04-17 11:20:30.336971,28.10295188428595,59.97012159573527,27.76508649639328,518.4024579344805,38.70842794925473
2026-04-17 11:15:30.336972,34.78361469755886,60.50088569429798,27.87187990992038,750.9660810119254,35.294294931785615
2026-04-17 11:10:30.336972,30.558795270192377,71.52032779314494,60.665374937111025,612.2996691195838,63.82272586245487
2026-04-17 11:05:30.336973,26.28184038188395,63.31643890711723,48.81936260037179,133.7924718826801,48.80090548085423
2026-04-17 11:00:30.336974,32.138611642889806,71.26322532394872,72.43561198404635,863.5087265581573,29.15631286322882
2026-04-17 10:55:30.336974,27.77435455318279,70.69833962747848,77.35448138775297,815.7874652702651,49.421577171325865
2026-04-17 10:50:30.336975,30.71705983457729,67.77684295320785,62.77053639779531,273.3136907815632,51.947037694086596
2026-04-17 10:45:30.336976,27.71114765593773,60.94419445882747,78.04447419225744,505.62388098704247,63.58512131479543
2026-04-17 10:40:30.336976,30.199058561864632,55.64787139537089,52.13591744830268,715.9310522174802,48.45669858089265
2026-04-17 10:35:30.336977,25.842050754522308,79.00699948727753,34.40285477093628,783.166571319302,34.17721564223402
2026-04-17 10:30:30.336977,32.89733037248688,51.27143576266358,57.20716516087097,577.8289375194755,56.03288203261465
2026-04-17 10:25:30.336978,28.604543870122477,54.3541923418331,21.5500094986126,315.97161435040226,52.1553224791989
2026-04-17 10:20:30.336979,31.2607723357455,55.32623889551431,50.056451756748785,475.2804999101158,70.41685581737539
2026-04-17 10:15:30.336979,27.05402566999644,63.3021033073334,33.974959092548104,125.17276197170887,35.41260640297101
2026-04-17 10:10:30.336980,22.955184020433542,71.32886221163878,52.22236844398774,595.5187768028532,66.20591073438884
2026-04-17 10:05:30.336981,28.83986815494989,69.64599433576562,67.18895005984578,563.8462206560096,25.155062505254772
2026-04-17 10:00:30.336981,31.7549253486049,70.6344279230734,62.01689193442069,373.95828031502566,53.3193036355691
2026-04-17 09:55:30.336982,28.269182110000788,44.137364497953826,33.250116292118776,679.1129112610026,45.96775114277544
2026-04-17 09:50:30.336983,26.125322274110886,56.626878744791526,74.25640428253283,653.1460356278602,27.92923811404487
2026-04-17 09:45:30.336983,28.30731951903511,54.457099266704205,24.80669683701541,233.3358960227431,42.93397069401801
2026-04-17 09:40:30.336984,30.552815811224747,75.07886976700786,40.283437959761756,789.4043300247687,29.516212354752636
2026-04-17 09:35:30.336985,25.70065901612566,66.44788992368274,35.00448538662526,344.8669346613523,47.26088277232995
2026-04-17 09:30:30.336986,25.44171713618481,73.10542305020445,61.093843439698816,173.25754507174736,58.025121680702824
2026-04-17 09:25:30.336987,30.268431523809088,61.13990408172307,48.146767202836244,735.5773409217373,22.460122322660474
2026-04-17 09:20:30.336988,27.076158221179757,61.537272423235905,22.087796236022438,987.1377191975678,28.87026855901399
2026-04-17 09:15:30.336988,27.49382925602169,51.364483868812826,45.19568433216151,680.6561049981888,48.15344871169071
2026-04-17 09:10:30.336989,31.24240722306369,62.171275025519385,23.893278843491494,882.0169413016006,31.42207813048315
2026-04-17 09:05:30.336990,26.708866522376404,79.97088639356703,23.55255457533723,302.6215412066683,60.32198696273637
2026-04-17 09:00:30.336991,23.972255447637313,54.46960345469786,75.26268751111425,149.89168151347357,64.2189526896014
2026-04-17 08:55:30.336992,33.89379672806391,51.01023753626703,44.95012364448095,931.5456291477664,49.959504068949144
2026-04-17 08:50:30.336993,27.146024119749146,56.09172447313586,70.74781235871536,741.0971805395789,34.94115693735465
2026-04-17 08:45:30.336994,22.4339258200021,69.09043425072878,25.088076845869274,487.6910153923537,44.37386729643661
2026-04-17 08:40:30.336994,26.827704858382244,60.303594539862125,69.7757454916203,972.7446484953678,45.04546924869071
2026-04-17 08:35:30.337013,29.289946551549583,64.86186662817718,74.98487604251713,874.3790298295276,39.610132944983086
2026-04-17 08:30:30.337014,32.22054969827797,43.095671476882316,55.67123197187658,669.5411040923968,62.40481957817287
2026-04-17 08:25:30.337015,27.660340744199626,77.12691098273046,59.52044848316515,340.48028447542697,21.410353048290453
2026-04-17 08:20:30.337016,27.65953485362728,68.10069334914164,75.39104334233977,745.2085548328718,63.56065530220093
2026-04-17 08:15:30.337017,26.10611096132435,62.510353789507626,29.97712106604031,717.2844939864736,56.31946848221192
2026-04-17 08:10:30.337018,29.977553436812087,64.33082524092531,46.25008693932671,352.5857942015539,50.523053861292425
2026-04-17 08:05:30.337018,26.978624706909166,56.31018270399925,29.831753328137886,424.0676542791445,61.54727907245277
2026-04-17 08:00:30.337019,25.52491515332507,70.58689913993337,48.38176137197086,289.22172430815607,70.89817839939425
2026-04-17 07:55:30.337020,30.971399085915895,46.67873505175532,25.89493789674228,447.3710666714584,48.30553757943888
2026-04-17 07:50:30.337021,32.18353530322668,58.00299368186671,28.817325495752133,545.211041150088,59.03504288271898
2026-04-17 07:45:30.337022,24.113031886752363,62.425155694482214,48.99668948049916,896.513903410207,97.72698315456532
2026-04-17 07:40:30.337023,31.362005049106934,43.07525620980252,61.24287030886032,224.96568611589242,59.86007725837621
2026-04-17 07:35:30.337023,30.10391325407401,49.394402237811164,45.803582816784875,237.33102003138515,69.97482583471776
2026-04-17 07:30:30.337024,31.58158604622118,67.06641978860894,66.60675529923803,758.9339652362704,40.99328946357679
2026-04-17 07:25:30.337025,30.951738483525407,41.77901154400307,72.14022819830603,402.5439694870884,82.12871981367593
2026-04-17 07:20:30.337026,30.74921208344815,59.019829840632696,33.32644480614984,590.0285139162977,44.95008104055063
2026-04-17 07:15:30.337027,29.462997000397692,69.95351772698538,55.23545869491996,388.72262824408574,36.09095662512774
2026-04-17 07:10:30.337027,29.7663305342719,60.63040529745014,49.243883354990906,184.01633332746047,54.50032820325843
2026-04-17 07:05:30.337028,31.483252063159025,71.1443808117643,38.135300277829316,593.6343126318253,44.826912131465726
2026-04-17 07:00:30.337029,23.592161282512215,71.02245507567703,58.22484364442997,414.93447199424435,19.88530946746578
2026-04-17 06:55:30.337030,26.995676793154395,61.14756655429278,40.38350009366595,744.0412572705116,51.29093217820257
2026-04-17 06:50:30.337031,20.809830626159737,59.09133026754398,54.90457727920536,523.2620325533162,30.92710780658597
2026-04-17 06:45:30.337033,25.307929246032465,46.78880210001914,40.387923480165824,569.9197138419256,41.444702549398585
2026-04-17 06:40:30.337034,25.921843130370803,63.360884550152186,42.99128287437793,191.51779623242032,20.623218437932145
2026-04-17 06:35:30.337035,27.15139165317732,30.457282364973825,58.3360809397908,358.9221684095697,55.19416190584833
2026-04-17 06:30:30.337035,21.21805042752706,57.20194979489237,50.38800079129088,622.8789930535748,62.50915221597252
2026-04-17 06:25:30.337036,28.40721492945276,60.402204779521604,35.5525750620767,919.6879553970297,29.493745347826113
2026-04-17 06:20:30.337037,29.508930428965094,67.5141844623076,47.09119932719328,622.9597946115252,42.637614840237795
2026-04-17 06:15:30.337038,31.20050301962672,49.15921133817518,54.67231475079339,332.8619790282123,61.679928978918426
2026-04-17 06:10:30.337039,21.99550793159547,65.27496477857633,41.278816214997406,997.8375829388945,34.3847405787702
2026-04-17 06:05:30.337040,24.66263763488576,63.455586900307644,28.65615182274989,720.580219957567,62.141357549987916
2026-04-17 06:00:30.337040,25.00243079017884,59.87879050606401,25.136121825499643,204.6446196941169,43.945800131719494
2026-04-17 05:55:30.337041,30.62703304555884,63.11157190033477,22.30700792400966,109.66212989001859,33.05417383607164
2026-04-17 05:50:30.337042,28.41386870627006,68.64858909233271,77.74137217706509,669.5906442162138,38.539243858619386
2026-04-17 05:45:30.337043,25.678164432086774,47.28957060285375,71.77455797698676,365.60007337276386,55.54233662388339
2026-04-17 05:40:30.337044,26.388736529510048,60.07523114639566,76.23480941082161,461.0821546526435,16.16688412261049
2026-04-17 05:35:30.337044,25.428485039257126,56.35134403804945,41.09864021162467,126.4073389675192,50.63051410250484
2026-04-17 05:30:30.337045,22.276903916811943,62.638046590841746,55.98853043584555,459.52176491354976,80.65368820885077
2026-04-17 05:25:30.337046,32.56263937258312,76.66412668729564,42.042925689975455,674.2750720999087,47.10789200573617
2026-04-17 05:20:30.337047,24.578139807366906,62.159923069035656,22.29999342560982,220.76925334930826,49.37255980890301
2026-04-17 05:15:30.337048,28.772297756573323,52.97501727075187,53.57101543984637,446.55542833699906,60.96188898206998
2026-04-17 05:10:30.337049,29.42047000260223,49.93572013802687,24.124915873070258,750.2775252359861,54.19127324405906
2026-04-17 05:05:30.337050,28.29363090233528,56.12349478421257,36.64730350722611,270.36570894267635,33.26604513186501
2026-04-17 05:00:30.337050,28.609169416898496,61.9322961949484,22.880755523227208,472.8614485983633,51.22598364473173
2026-04-17 04:55:30.337051,31.555141208544562,63.0070814070328,69.02857367726031,616.2863341038603,54.550603385156904
2026-04-17 04:50:30.337052,23.22736949170302,51.413007888022946,30.975265890051034,334.11516277960055,42.92637667695472
2026-04-17 04:45:30.337053,27.398756181415575,52.4928828931508,28.148447910396534,621.8839255257227,58.117242039574926
2026-04-17 04:40:30.337054,26.167118098240586,56.8651806166056,67.96789781017068,136.63346437571997,55.56716094700583
2026-04-17 04:35:30.337054,25.750732292009623,65.65747851723518,67.31967758486158,479.1038707399453,79.86887948010555
2026-04-17 04:30:30.337055,24.638720121996627,49.7206816510903,67.22814899255151,998.9941441638854,69.97507163289964
2026-04-17 04:25:30.337056,26.64740994812362,51.511375393724876,63.94257484388361,850.9158704271432,57.920656689729114
2026-04-17 04:20:30.337057,29.279257478551443,69.7141532578609,58.568648506624285,579.9931999765076,37.84227528385607
2026-04-17 04:15:30.337058,28.709718907416377,49.4225718377854,50.66264087683559,141.27790521729884,54.96680472979378
2026-04-17 04:10:30.337059,24.856227285679594,62.24868826422906,33.359285013889874,593.7352222650801,31.510408992491293
2026-04-17 04:05:30.337059,29.739819668792,67.8385110035868,79.71599911421683,836.5155850009329,69.27382086002444
2026-04-17 04:00:30.337060,23.887265730954137,74.20878682971814,65.42994231427278,992.2148113836231,57.96494797210982
2026-04-17 03:55:30.337061,25.069017311021714,52.927740749770635,43.12333661244058,449.2479140364998,41.61948446968832
2026-04-17 03:50:30.337062,32.77253754041932,65.6744180193513,67.13395528009892,762.8280160038665,55.006276607663565
2026-04-17 03:45:30.337063,28.840294250625544,69.82520910544304,49.14757065666246,604.3506349816025,68.61390302555634
2026-04-17 03:40:30.337064,26.340038016205778,60.26586906673908,33.14159796649294,182.4015836321226,41.76855207830748
2026-04-17 03:35:30.337064,30.692819868680814,76.87156872970955,40.99647567899905,705.0600262287409,71.42851190781418
2026-04-17 03:30:30.337065,27.807856623448135,46.97778050133903,71.87985340382423,332.1611110149007,61.94110689611834
2026-04-17 03:25:30.337066,28.069018860817593,52.286739238733176,31.251145657168,107.5473183886883,41.93521403563715
2026-04-17 03:20:30.337067,27.329604613000388,54.57552229127105,74.10195749761657,448.0814059316102,58.67763150174515
2026-04-17 03:15:30.337068,24.188729124256824,56.54527884559626,62.757679751874306,615.6853075422564,48.97369454663191
2026-04-17 03:10:30.337068,30.088486801883448,64.19288071796488,71.08073124704974,114.52947651634904,32.60960125482549
2026-04-17 03:05:30.337069,29.752184629840368,69.0934927631125,42.883483588057224,847.2641921832806,28.461248629851568
2026-04-17 03:00:30.337070,33.36965804831588,75.58454531591839,26.905072500959996,362.788248769675,50.17077827246124
2026-04-17 02:55:30.337071,30.541332867676687,50.75864412313832,43.56768342402272,933.5677068093905,74.16172421318252
2026-04-17 02:50:30.337072,25.32530488158996,62.259850916092574,70.12082398189759,418.34086372781144,61.01060239935881
2026-04-17 02:45:30.337073,30.64298962081772,61.14746874250537,48.83760474444594,538.9652039588349,42.469466767344656
2026-04-17 02:40:30.337073,25.718711963361322,58.930921644912395,34.655408212772585,831.4420106844907,47.12395057136555
2026-04-17 02:35:30.337074,28.59680150337237,70.59191839626556,66.45520985303133,748.8962962718026,55.59589553578843
2026-04-17 02:30:30.337075,23.448855488674624,64.65819907945311,67.75567944074764,190.77060077730263,50.02485213752105
2026-04-17 02:25:30.337076,33.26742652465299,69.0830084751548,40.53623284004972,267.63800296422437,42.20353405920923
2026-04-17 02:20:30.337077,28.720096597910736,67.65685695280526,64.53524469086776,236.65222709278441,42.31337409834014
2026-04-17 02:15:30.337077,32.842672398882996,55.8922984715439,58.437083265973875,354.5408088396835,51.68121858862741
2026-04-17 02:10:30.337078,27.223305013239855,71.62047866441888,57.6987310159432,865.1857151829471,52.696595723557564
2026-04-17 02:05:30.337079,27.98856422213351,67.63735257300476,45.577315545956836,124.60360638556617,60.5804038466229
2026-04-17 02:00:30.337080,27.549871482901835,50.32285583512305,52.2297559202991,586.833830584927,50.107815945740676
2026-04-17 01:55:30.337081,33.86385035831511,61.85431145566598,43.77003051487074,683.0308693616764,41.23316930571101
2026-04-17 01:50:30.337081,30.16166357512798,69.96233341570256,59.002800150016434,258.3244581594692,67.77007080663884
2026-04-17 01:45:30.337082,29.25435863857834,76.77989595358375,29.287587798315023,667.3756548639525,13.48397455232886
2026-04-17 01:40:30.337083,29.969448738473275,74.38240113807196,24.006503823633416,280.96814387418885,90.6011712193706
2026-04-17 01:35:30.337084,26.819619091170964,57.5017095728335,35.59384793308988,799.8382613273712,44.75114964109902
2026-04-17 01:30:30.337085,24.001038587006228,66.15176618363895,73.04875955835936,761.0329169599013,50.950580299720706
2026-04-17 01:25:30.337086,25.545467547357067,74.93119459807914,24.791142022356553,793.0812048877717,24.70403792017693
2026-04-17 01:20:30.337086,24.46566637845944,63.61869267522629,30.243188381546947,171.658064235285,33.537465154010135
2026-04-17 01:15:30.337091,26.417615350385276,54.50299585405229,62.07204870972461,858.1862450983052,43.248248516070234
2026-04-17 01:10:30.337092,27.897614667659756,56.49706501774838,41.599104809489845,429.5369777256762,42.27869602270572
2026-04-17 01:05:30.337093,28.846482332406755,55.10795285721983,66.93119634271383,650.3616645950966,49.17848010255128
2026-04-17 01:00:30.337093,21.486695544831317,56.31305923666004,49.9363302923405,391.18791251569866,40.25350083092701
2026-04-17 00:55:30.337094,24.41248495275006,59.825853122635806,38.23124418101395,473.70624081280346,67.3549791153318
2026-04-17 00:50:30.337095,27.608348411109798,49.23274121869644,77.67788259010058,302.92388457212303,42.20089885873624
2026-04-17 00:45:30.337095,30.865023903075645,56.643962326544816,35.06419561421634,182.52041171889454,58.835040002359385
2026-04-17 00:40:30.337096,23.928754023946034,65.86025667844973,36.09128095288541,838.8080048981053,56.83025286760781
2026-04-17 00:35:30.337097,26.256127164712606,69.17383328406927,77.47939518197492,250.0774536824212,61.82453771170228
2026-04-17 00:30:30.337098,26.134764734816333,44.40212615981817,69.46868091626267,750.9345821324125,63.036449637366474
2026-04-17 00:25:30.337098,30.351906196033426,66.40510726738903,45.74365203768424,790.5834135009471,47.153290079970255
2026-04-17 00:20:30.337099,29.553365303176378,67.1804126155775,40.370381395027074,552.873848947255,86.98493195796505
2026-04-17 00:15:30.337100,22.44078218828674,69.16540497642916,33.588519063528025,336.7353787277549,57.437316817243406
2026-04-17 00:10:30.337101,30.673658714272065,66.90105010914748,38.90028746777587,611.2490668957296,31.318597131039695
2026-04-17 00:05:30.337101,29.115754308490416,65.7274744170616,20.28163108912085,760.0945773649609,63.42867590397974
2026-04-17 00:00:30.337102,33.77484390455695,67.08518034666096,26.41990660719923,851.767983206023,61.588069599971575
2026-04-16 23:55:30.337103,30.752218965448886,67.83084937867815,79.85805491081118,936.6693808175845,45.17198035666779
2026-04-16 23:50:30.337103,30.10058572248133,72.43897391428557,72.99221960912803,101.5082140052576,93.06186728539774
2026-04-16 23:45:30.337104,31.7158946173843,60.804026581707454,21.475331704168617,194.60809708974944,43.3251074807625
2026-04-16 23:40:30.337105,28.268258435420982,62.814878628243726,57.02184937239571,240.78976372996325,75.79957522175053
2026-04-16 23:35:30.337107,29.804895941039188,46.79413242984084,27.01042226973621,989.98572715193,31.23876902220936
2026-04-16 23:30:30.337108,27.4465926839241,55.77835478238812,43.29807278976523,349.79235890730433,50.57985342142971
2026-04-16 23:25:30.337109,26.57705441415045,64.47196656717523,77.23705482961674,884.2410956964129,64.92986954693158
2026-04-16 23:20:30.337109,26.233671427424028,70.39698366546902,63.20629807872881,510.5351154580067,30.114345502257905
2026-04-16 23:15:30.337110,22.99156080955903,64.64237834223744,44.660485780448965,162.95941891329323,48.584322626116915
2026-04-16 23:10:30.337111,29.247142698797646,68.35144588283289,74.78900866918761,148.01423998366494,46.784121185969894
2026-04-16 23:05:30.337112,21.32064613623037,57.74626870425527,35.148793268548815,699.5597421745698,37.748955989527076
2026-04-16 23:00:30.337113,29.14627447994023,65.79603899764251,29.36056996421831,904.282642980869,37.42682346790591
2026-04-16 22:55:30.337113,28.27501223756756,57.45547749445287,52.387249257334304,771.7094853777082,66.41756977650243
2026-04-16 22:50:30.337114,21.938241276295248,40.28514608091995,28.249653804105986,429.23788258366767,23.88142801651391
2026-04-16 22:45:30.337115,23.572273732389963,55.701769847884606,55.66835472700007,826.8647297304291,46.39200359859418
2026-04-16 22:40:30.337116,22.756725144864276,54.9987854462311,49.67631115991803,187.5870916020848,45.02289753754427
2026-04-16 22:35:30.337116,29.245025597623528,75.36343367334968,53.85702788323643,279.2662713132253,48.376528261722484
2026-04-16 22:30:30.337117,31.441045762446343,56.20443091148736,32.66257731982736,984.1780802173174,37.26765988576635
2026-04-16 22:25:30.337118,29.646893619380464,64.99555237729581,57.21478501408236,453.92758992460097,49.543845672822364
2026-04-16 22:20:30.337119,33.75042260233792,54.28793147843733,31.118381192400086,655.5951040481965,57.395649734609215
2026-04-16 22:15:30.337119,26.78844571893008,72.120283202421,70.07991366665627,393.87685182794206,65.93379983766997
2026-04-16 22:10:30.337120,31.860653599196315,67.16677764800609,27.523854221669417,684.3672034297367,36.18472466954268
2026-04-16 22:05:30.337121,26.109505515321114,59.642829552009694,37.2033242821979,762.7288007575022,47.33227685848353
